# This file was produced by samtools stats (1.24+htslib-1.24) and can be plotted using plot-bamstats
# This file contains statistics for all reads.
# The command line was:  stats -@ 4 results/SRR10192871/N828372/Glyc_spo_rep_1.sorted.bam
# CHK, Checksum	[2]Read Names	[3]Sequences	[4]Qualities
# CHK, CRC32 of reads which passed filtering followed by addition (32bit overflow)
CHK	13a3b7d7	91177b6b	d8934fa0
# Summary Numbers. Use `grep ^SN | cut -f 2-` to extract this part.
SN	raw total sequences:	1656744	# excluding supplementary and secondary reads
SN	filtered sequences:	0
SN	sequences:	1656744
SN	is sorted:	1	# sorted by coordinate
SN	1st fragments:	828372
SN	last fragments:	828372
SN	reads mapped:	1618983
SN	reads mapped and paired:	1590426	# paired-end technology bit set + both mates mapped
SN	reads unmapped:	37761
SN	reads properly paired:	1585386	# proper-pair bit set
SN	reads paired:	1656744	# paired-end technology bit set
SN	reads duplicated:	0	# PCR or optical duplicate bit set
SN	reads MQ0:	31521	# mapped and MQ=0
SN	reads QC failed:	0
SN	non-primary alignments:	3829995
SN	supplementary alignments:	0
SN	total length:	125912544	# ignores clipping
SN	total first fragment length:	62956272	# ignores clipping
SN	total last fragment length:	62956272	# ignores clipping
SN	bases mapped:	123042708	# ignores clipping
SN	bases mapped (cigar):	122890729	# more accurate
SN	bases trimmed:	0
SN	bases duplicated:	0
SN	mismatches:	166124	# from NM fields
SN	error rate:	1.351803e-03	# mismatches / bases mapped (cigar)
SN	average length:	76
SN	average first fragment length:	76
SN	average last fragment length:	76
SN	maximum length:	76
SN	maximum first fragment length:	76
SN	maximum last fragment length:	76
SN	average quality:	34.5
SN	insert size average:	435.3
SN	insert size standard deviation:	1276.4
SN	inward oriented pairs:	792835
SN	outward oriented pairs:	304
SN	pairs with other orientation:	170
SN	pairs on different chromosomes:	1904
SN	percentage of properly paired reads (%):	95.7
# First Fragment Qualities. Use `grep ^FFQ | cut -f 2-` to extract this part.
# Columns correspond to qualities and rows to cycles. First column is the cycle number.
FFQ	1	0	0	265	0	0	0	0	0	0	0	0	0	0	0	19372	0	0	0	0	0	0	5592	0	0	0	0	0	126	0	0	0	0	803017	0	0	0	0	0
FFQ	2	0	0	7	0	0	0	0	0	0	0	0	0	0	0	12846	0	0	0	0	0	0	4142	0	0	0	0	0	79	0	0	0	0	811298	0	0	0	0	0
FFQ	3	0	0	0	0	0	0	0	0	0	0	0	0	0	0	9446	0	0	0	0	0	0	3169	0	0	0	0	0	33	0	0	0	0	815724	0	0	0	0	0
FFQ	4	0	0	0	0	0	0	0	0	0	0	0	0	0	0	8419	0	0	0	0	0	0	4152	0	0	0	0	0	57	0	0	0	0	815744	0	0	0	0	0
FFQ	5	0	0	0	0	0	0	0	0	0	0	0	0	0	0	8019	0	0	0	0	0	0	5612	0	0	0	0	0	100	0	0	0	0	814641	0	0	0	0	0
FFQ	6	0	0	10	0	0	0	0	0	0	0	0	0	0	0	11987	0	0	0	0	0	0	7462	0	0	0	0	0	173	0	0	0	0	25371	0	0	0	783369	0
FFQ	7	0	0	0	0	0	0	0	0	0	0	0	0	0	0	13534	0	0	0	0	0	0	4303	0	0	0	0	0	75	0	0	0	0	28193	0	0	0	782267	0
FFQ	8	0	0	0	0	0	0	0	0	0	0	0	0	0	0	14656	0	0	0	0	0	0	3530	0	0	0	0	0	51	0	0	0	0	33722	0	0	0	776413	0
FFQ	9	0	0	0	0	0	0	0	0	0	0	0	0	0	0	14418	0	0	0	0	0	0	3434	0	0	0	0	0	26	0	0	0	0	32612	0	0	0	777882	0
FFQ	10	0	0	0	0	0	0	0	0	0	0	0	0	0	0	13995	0	0	0	0	0	0	4224	0	0	0	0	0	22	0	0	0	0	33527	0	0	0	776604	0
FFQ	11	0	0	0	0	0	0	0	0	0	0	0	0	0	0	12814	0	0	0	0	0	0	4189	0	0	0	0	0	20	0	0	0	0	29766	0	0	0	781583	0
FFQ	12	0	0	0	0	0	0	0	0	0	0	0	0	0	0	13724	0	0	0	0	0	0	3764	0	0	0	0	0	23	0	0	0	0	30888	0	0	0	779973	0
FFQ	13	0	0	0	0	0	0	0	0	0	0	0	0	0	0	14025	0	0	0	0	0	0	3519	0	0	0	0	0	30	0	0	0	0	31450	0	0	0	779348	0
FFQ	14	0	0	0	0	0	0	0	0	0	0	0	0	0	0	14171	0	0	0	0	0	0	3614	0	0	0	0	0	15	0	0	0	0	33155	0	0	0	777417	0
FFQ	15	0	0	0	0	0	0	0	0	0	0	0	0	0	0	14039	0	0	0	0	0	0	3595	0	0	0	0	0	27	0	0	0	0	32652	0	0	0	778059	0
FFQ	16	0	0	4	0	0	0	0	0	0	0	0	0	0	0	13320	0	0	0	0	0	0	3682	0	0	0	0	0	17	0	0	0	0	30921	0	0	0	780428	0
FFQ	17	0	0	0	0	0	0	0	0	0	0	0	0	0	0	14180	0	0	0	0	0	0	4275	0	0	0	0	0	62	0	0	0	0	32498	0	0	0	777357	0
FFQ	18	0	0	0	0	0	0	0	0	0	0	0	0	0	0	14383	0	0	0	0	0	0	4492	0	0	0	0	0	147	0	0	0	0	32524	0	0	0	776826	0
FFQ	19	0	0	2	0	0	0	0	0	0	0	0	0	0	0	13872	0	0	0	0	0	0	3804	0	0	0	0	0	138	0	0	0	0	31762	0	0	0	778794	0
FFQ	20	0	0	5	0	0	0	0	0	0	0	0	0	0	0	13989	0	0	0	0	0	0	3923	0	0	0	0	0	253	0	0	0	0	33281	0	0	0	776921	0
FFQ	21	0	0	20	0	0	0	0	0	0	0	0	0	0	0	14798	0	0	0	0	0	0	4211	0	0	0	0	0	278	0	0	0	0	33717	0	0	0	775348	0
FFQ	22	0	0	13	0	0	0	0	0	0	0	0	0	0	0	15276	0	0	0	0	0	0	3940	0	0	0	0	0	322	0	0	0	0	34768	0	0	0	774053	0
FFQ	23	0	0	13	0	0	0	0	0	0	0	0	0	0	0	14652	0	0	0	0	0	0	3808	0	0	0	0	0	317	0	0	0	0	34865	0	0	0	774717	0
FFQ	24	0	0	9	0	0	0	0	0	0	0	0	0	0	0	15240	0	0	0	0	0	0	4370	0	0	0	0	0	560	0	0	0	0	35248	0	0	0	772945	0
FFQ	25	0	0	17	0	0	0	0	0	0	0	0	0	0	0	16389	0	0	0	0	0	0	4648	0	0	0	0	0	760	0	0	0	0	38403	0	0	0	768155	0
FFQ	26	0	0	25	0	0	0	0	0	0	0	0	0	0	0	17056	0	0	0	0	0	0	8078	0	0	0	0	0	1151	0	0	0	0	35956	0	0	0	766106	0
FFQ	27	0	0	32	0	0	0	0	0	0	0	0	0	0	0	16591	0	0	0	0	0	0	4206	0	0	0	0	0	1262	0	0	0	0	35120	0	0	0	771161	0
FFQ	28	0	0	37	0	0	0	0	0	0	0	0	0	0	0	16743	0	0	0	0	0	0	4104	0	0	0	0	0	1595	0	0	0	0	34582	0	0	0	771311	0
FFQ	29	0	0	16	0	0	0	0	0	0	0	0	0	0	0	18122	0	0	0	0	0	0	3636	0	0	0	0	0	2282	0	0	0	0	35432	0	0	0	768884	0
FFQ	30	0	0	8	0	0	0	0	0	0	0	0	0	0	0	17392	0	0	0	0	0	0	3211	0	0	0	0	0	2808	0	0	0	0	34167	0	0	0	770786	0
FFQ	31	0	0	17	0	0	0	0	0	0	0	0	0	0	0	17457	0	0	0	0	0	0	3085	0	0	0	0	0	2947	0	0	0	0	33408	0	0	0	771458	0
FFQ	32	0	0	12	0	0	0	0	0	0	0	0	0	0	0	17962	0	0	0	0	0	0	3377	0	0	0	0	0	2600	0	0	0	0	35084	0	0	0	769337	0
FFQ	33	0	0	6	0	0	0	0	0	0	0	0	0	0	0	19247	0	0	0	0	0	0	3226	0	0	0	0	0	3625	0	0	0	0	35105	0	0	0	767163	0
FFQ	34	0	0	1	0	0	0	0	0	0	0	0	0	0	0	20753	0	0	0	0	0	0	2760	0	0	0	0	0	4125	0	0	0	0	35973	0	0	0	764760	0
FFQ	35	0	0	0	0	0	0	0	0	0	0	0	0	0	0	20103	0	0	0	0	0	0	2283	0	0	0	0	0	5218	0	0	0	0	36864	0	0	0	763904	0
FFQ	36	0	0	0	0	0	0	0	0	0	0	0	0	0	0	21119	0	0	0	0	0	0	2081	0	0	0	0	0	6050	0	0	0	0	37167	0	0	0	761955	0
FFQ	37	0	0	0	0	0	0	0	0	0	0	0	0	0	0	20187	0	0	0	0	0	0	1967	0	0	0	0	0	5780	0	0	0	0	35003	0	0	0	765435	0
FFQ	38	0	0	0	0	0	0	0	0	0	0	0	0	0	0	20200	0	0	0	0	0	0	2029	0	0	0	0	0	5563	0	0	0	0	33895	0	0	0	766685	0
FFQ	39	0	0	0	0	0	0	0	0	0	0	0	0	0	0	19944	0	0	0	0	0	0	1877	0	0	0	0	0	5656	0	0	0	0	33732	0	0	0	767163	0
FFQ	40	0	0	0	0	0	0	0	0	0	0	0	0	0	0	20194	0	0	0	0	0	0	1884	0	0	0	0	0	5683	0	0	0	0	35431	0	0	0	765180	0
FFQ	41	0	0	0	0	0	0	0	0	0	0	0	0	0	0	21502	0	0	0	0	0	0	2123	0	0	0	0	0	5571	0	0	0	0	35460	0	0	0	763716	0
FFQ	42	0	0	0	0	0	0	0	0	0	0	0	0	0	0	21219	0	0	0	0	0	0	1968	0	0	0	0	0	5210	0	0	0	0	34648	0	0	0	765327	0
FFQ	43	0	0	5	0	0	0	0	0	0	0	0	0	0	0	19809	0	0	0	0	0	0	2164	0	0	0	0	0	5389	0	0	0	0	32796	0	0	0	768209	0
FFQ	44	0	0	2	0	0	0	0	0	0	0	0	0	0	0	20885	0	0	0	0	0	0	1967	0	0	0	0	0	5326	0	0	0	0	34060	0	0	0	766132	0
FFQ	45	0	0	5	0	0	0	0	0	0	0	0	0	0	0	21825	0	0	0	0	0	0	2056	0	0	0	0	0	5650	0	0	0	0	35482	0	0	0	763354	0
FFQ	46	0	0	2	0	0	0	0	0	0	0	0	0	0	0	22798	0	0	0	0	0	0	1591	0	0	0	0	0	5969	0	0	0	0	36231	0	0	0	761781	0
FFQ	47	0	0	0	0	0	0	0	0	0	0	0	0	0	0	23632	0	0	0	0	0	0	1743	0	0	0	0	0	5697	0	0	0	0	37725	0	0	0	759575	0
FFQ	48	0	0	0	0	0	0	0	0	0	0	0	0	0	0	22724	0	0	0	0	0	0	1699	0	0	0	0	0	6360	0	0	0	0	38538	0	0	0	759051	0
FFQ	49	0	0	0	0	0	0	0	0	0	0	0	0	0	0	22271	0	0	0	0	0	0	1591	0	0	0	0	0	6191	0	0	0	0	36764	0	0	0	761555	0
FFQ	50	0	0	0	0	0	0	0	0	0	0	0	0	0	0	21559	0	0	0	0	0	0	1768	0	0	0	0	0	5842	0	0	0	0	35100	0	0	0	764103	0
FFQ	51	0	0	0	0	0	0	0	0	0	0	0	0	0	0	22200	0	0	0	0	0	0	1874	0	0	0	0	0	6017	0	0	0	0	33752	0	0	0	764529	0
FFQ	52	0	0	0	0	0	0	0	0	0	0	0	0	0	0	22850	0	0	0	0	0	0	2148	0	0	0	0	0	6094	0	0	0	0	36272	0	0	0	761008	0
FFQ	53	0	0	0	0	0	0	0	0	0	0	0	0	0	0	23666	0	0	0	0	0	0	2470	0	0	0	0	0	6299	0	0	0	0	36788	0	0	0	759149	0
FFQ	54	0	0	0	0	0	0	0	0	0	0	0	0	0	0	24142	0	0	0	0	0	0	2385	0	0	0	0	0	6804	0	0	0	0	38057	0	0	0	756984	0
FFQ	55	0	0	1	0	0	0	0	0	0	0	0	0	0	0	22289	0	0	0	0	0	0	2828	0	0	0	0	0	6973	0	0	0	0	33430	0	0	0	762851	0
FFQ	56	0	0	2	0	0	0	0	0	0	0	0	0	0	0	23890	0	0	0	0	0	0	2864	0	0	0	0	0	7421	0	0	0	0	35383	0	0	0	758812	0
FFQ	57	0	0	0	0	0	0	0	0	0	0	0	0	0	0	24157	0	0	0	0	0	0	2917	0	0	0	0	0	7661	0	0	0	0	36390	0	0	0	757247	0
FFQ	58	0	0	9	0	0	0	0	0	0	0	0	0	0	0	23347	0	0	0	0	0	0	3915	0	0	0	0	0	8313	0	0	0	0	34935	0	0	0	757853	0
FFQ	59	0	0	4	0	0	0	0	0	0	0	0	0	0	0	24154	0	0	0	0	0	0	4037	0	0	0	0	0	8342	0	0	0	0	36434	0	0	0	755401	0
FFQ	60	0	0	5	0	0	0	0	0	0	0	0	0	0	0	25427	0	0	0	0	0	0	4740	0	0	0	0	0	8721	0	0	0	0	36324	0	0	0	753155	0
FFQ	61	0	0	23	0	0	0	0	0	0	0	0	0	0	0	23925	0	0	0	0	0	0	4267	0	0	0	0	0	8360	0	0	0	0	35160	0	0	0	756637	0
FFQ	62	0	0	20	0	0	0	0	0	0	0	0	0	0	0	24209	0	0	0	0	0	0	4884	0	0	0	0	0	9002	0	0	0	0	33830	0	0	0	756427	0
FFQ	63	0	0	7	0	0	0	0	0	0	0	0	0	0	0	25874	0	0	0	0	0	0	5092	0	0	0	0	0	8991	0	0	0	0	34392	0	0	0	754016	0
FFQ	64	0	0	10	0	0	0	0	0	0	0	0	0	0	0	26813	0	0	0	0	0	0	5893	0	0	0	0	0	10757	0	0	0	0	38691	0	0	0	746208	0
FFQ	65	0	0	12	0	0	0	0	0	0	0	0	0	0	0	27028	0	0	0	0	0	0	6015	0	0	0	0	0	11011	0	0	0	0	39462	0	0	0	744844	0
FFQ	66	0	0	18	0	0	0	0	0	0	0	0	0	0	0	27187	0	0	0	0	0	0	6534	0	0	0	0	0	11132	0	0	0	0	38614	0	0	0	744887	0
FFQ	67	0	0	16	0	0	0	0	0	0	0	0	0	0	0	28361	0	0	0	0	0	0	7261	0	0	0	0	0	12352	0	0	0	0	43407	0	0	0	736975	0
FFQ	68	0	0	28	0	0	0	0	0	0	0	0	0	0	0	27774	0	0	0	0	0	0	7345	0	0	0	0	0	12187	0	0	0	0	40741	0	0	0	740297	0
FFQ	69	0	0	27	0	0	0	0	0	0	0	0	0	0	0	28450	0	0	0	0	0	0	6860	0	0	0	0	0	12229	0	0	0	0	42881	0	0	0	737925	0
FFQ	70	0	0	56	0	0	0	0	0	0	0	0	0	0	0	29272	0	0	0	0	0	0	6929	0	0	0	0	0	12402	0	0	0	0	48310	0	0	0	731403	0
FFQ	71	0	0	56	0	0	0	0	0	0	0	0	0	0	0	26466	0	0	0	0	0	0	7076	0	0	0	0	0	12584	0	0	0	0	45658	0	0	0	736532	0
FFQ	72	0	0	31	0	0	0	0	0	0	0	0	0	0	0	27895	0	0	0	0	0	0	7412	0	0	0	0	0	12757	0	0	0	0	48685	0	0	0	731592	0
FFQ	73	0	0	29	0	0	0	0	0	0	0	0	0	0	0	29305	0	0	0	0	0	0	6855	0	0	0	0	0	13287	0	0	0	0	52178	0	0	0	726718	0
FFQ	74	0	0	42	0	0	0	0	0	0	0	0	0	0	0	30403	0	0	0	0	0	0	7009	0	0	0	0	0	14125	0	0	0	0	57846	0	0	0	718947	0
FFQ	75	0	0	22	0	0	0	0	0	0	0	0	0	0	0	29768	0	0	0	0	0	0	7465	0	0	0	0	0	15248	0	0	0	0	62492	0	0	0	713377	0
FFQ	76	0	0	20	0	0	0	0	0	0	0	0	0	0	0	45207	0	0	0	0	0	0	9746	0	0	0	0	0	24085	0	0	0	0	100874	0	0	0	648440	0
# Last Fragment Qualities. Use `grep ^LFQ | cut -f 2-` to extract this part.
# Columns correspond to qualities and rows to cycles. First column is the cycle number.
LFQ	1	0	0	896	0	0	0	0	0	0	0	0	0	0	0	20292	0	0	0	0	0	0	9162	0	0	0	0	0	224	0	0	0	0	797798	0	0	0	0	0
LFQ	2	0	0	361	0	0	0	0	0	0	0	0	0	0	0	29488	0	0	0	0	0	0	9600	0	0	0	0	0	262	0	0	0	0	788661	0	0	0	0	0
LFQ	3	0	0	54	0	0	0	0	0	0	0	0	0	0	0	31371	0	0	0	0	0	0	11532	0	0	0	0	0	201	0	0	0	0	785214	0	0	0	0	0
LFQ	4	0	0	0	0	0	0	0	0	0	0	0	0	0	0	29200	0	0	0	0	0	0	14804	0	0	0	0	0	173	0	0	0	0	784195	0	0	0	0	0
LFQ	5	0	0	0	0	0	0	0	0	0	0	0	0	0	0	26922	0	0	0	0	0	0	14467	0	0	0	0	0	185	0	0	0	0	786798	0	0	0	0	0
LFQ	6	0	0	0	0	0	0	0	0	0	0	0	0	0	0	28482	0	0	0	0	0	0	18171	0	0	0	0	0	241	0	0	0	0	38527	0	0	0	742951	0
LFQ	7	0	0	8	0	0	0	0	0	0	0	0	0	0	0	28422	0	0	0	0	0	0	12332	0	0	0	0	0	255	0	0	0	0	35743	0	0	0	751612	0
LFQ	8	0	0	11	0	0	0	0	0	0	0	0	0	0	0	30611	0	0	0	0	0	0	10916	0	0	0	0	0	203	0	0	0	0	38631	0	0	0	748000	0
LFQ	9	0	0	11	0	0	0	0	0	0	0	0	0	0	0	31664	0	0	0	0	0	0	11923	0	0	0	0	0	156	0	0	0	0	38395	0	0	0	746223	0
LFQ	10	0	0	101	0	0	0	0	0	0	0	0	0	0	0	33029	0	0	0	0	0	0	13566	0	0	0	0	0	207	0	0	0	0	41183	0	0	0	740286	0
LFQ	11	0	0	127	0	0	0	0	0	0	0	0	0	0	0	30177	0	0	0	0	0	0	13317	0	0	0	0	0	173	0	0	0	0	37597	0	0	0	746981	0
LFQ	12	0	0	213	0	0	0	0	0	0	0	0	0	0	0	31693	0	0	0	0	0	0	12334	0	0	0	0	0	223	0	0	0	0	39132	0	0	0	744777	0
LFQ	13	0	0	269	0	0	0	0	0	0	0	0	0	0	0	32175	0	0	0	0	0	0	12745	0	0	0	0	0	196	0	0	0	0	37816	0	0	0	745171	0
LFQ	14	0	0	297	0	0	0	0	0	0	0	0	0	0	0	33517	0	0	0	0	0	0	12707	0	0	0	0	0	464	0	0	0	0	38391	0	0	0	742996	0
LFQ	15	0	0	182	0	0	0	0	0	0	0	0	0	0	0	34102	0	0	0	0	0	0	13041	0	0	0	0	0	514	0	0	0	0	39042	0	0	0	741491	0
LFQ	16	0	0	372	0	0	0	0	0	0	0	0	0	0	0	34453	0	0	0	0	0	0	13445	0	0	0	0	0	690	0	0	0	0	38025	0	0	0	741387	0
LFQ	17	0	0	300	0	0	0	0	0	0	0	0	0	0	0	35930	0	0	0	0	0	0	12800	0	0	0	0	0	886	0	0	0	0	39119	0	0	0	739337	0
LFQ	18	0	0	318	0	0	0	0	0	0	0	0	0	0	0	36109	0	0	0	0	0	0	11380	0	0	0	0	0	865	0	0	0	0	39189	0	0	0	740511	0
LFQ	19	0	0	357	0	0	0	0	0	0	0	0	0	0	0	35426	0	0	0	0	0	0	12900	0	0	0	0	0	946	0	0	0	0	37709	0	0	0	741034	0
LFQ	20	0	0	389	0	0	0	0	0	0	0	0	0	0	0	36028	0	0	0	0	0	0	11466	0	0	0	0	0	1428	0	0	0	0	37751	0	0	0	741310	0
LFQ	21	0	0	386	0	0	0	0	0	0	0	0	0	0	0	37382	0	0	0	0	0	0	11037	0	0	0	0	0	1657	0	0	0	0	38342	0	0	0	739568	0
LFQ	22	0	0	373	0	0	0	0	0	0	0	0	0	0	0	38103	0	0	0	0	0	0	11383	0	0	0	0	0	1961	0	0	0	0	38035	0	0	0	738517	0
LFQ	23	0	0	366	0	0	0	0	0	0	0	0	0	0	0	38883	0	0	0	0	0	0	10501	0	0	0	0	0	2148	0	0	0	0	38391	0	0	0	738083	0
LFQ	24	0	0	369	0	0	0	0	0	0	0	0	0	0	0	39205	0	0	0	0	0	0	9591	0	0	0	0	0	2451	0	0	0	0	37813	0	0	0	738943	0
LFQ	25	0	0	333	0	0	0	0	0	0	0	0	0	0	0	40935	0	0	0	0	0	0	9595	0	0	0	0	0	2710	0	0	0	0	40682	0	0	0	734117	0
LFQ	26	0	0	459	0	0	0	0	0	0	0	0	0	0	0	40460	0	0	0	0	0	0	11650	0	0	0	0	0	2611	0	0	0	0	39078	0	0	0	734114	0
LFQ	27	0	0	377	0	0	0	0	0	0	0	0	0	0	0	40703	0	0	0	0	0	0	9064	0	0	0	0	0	2834	0	0	0	0	36581	0	0	0	738813	0
LFQ	28	0	0	444	0	0	0	0	0	0	0	0	0	0	0	40783	0	0	0	0	0	0	8353	0	0	0	0	0	3118	0	0	0	0	37098	0	0	0	738576	0
LFQ	29	0	0	330	0	0	0	0	0	0	0	0	0	0	0	38748	0	0	0	0	0	0	8308	0	0	0	0	0	2770	0	0	0	0	34578	0	0	0	743638	0
LFQ	30	0	0	480	0	0	0	0	0	0	0	0	0	0	0	43313	0	0	0	0	0	0	8843	0	0	0	0	0	3112	0	0	0	0	38845	0	0	0	733779	0
LFQ	31	0	0	455	0	0	0	0	0	0	0	0	0	0	0	43187	0	0	0	0	0	0	9571	0	0	0	0	0	3107	0	0	0	0	36829	0	0	0	735223	0
LFQ	32	0	0	556	0	0	0	0	0	0	0	0	0	0	0	40268	0	0	0	0	0	0	6778	0	0	0	0	0	3310	0	0	0	0	33756	0	0	0	743704	0
LFQ	33	0	0	607	0	0	0	0	0	0	0	0	0	0	0	43268	0	0	0	0	0	0	8265	0	0	0	0	0	3059	0	0	0	0	35872	0	0	0	737301	0
LFQ	34	0	0	579	0	0	0	0	0	0	0	0	0	0	0	45278	0	0	0	0	0	0	6998	0	0	0	0	0	3103	0	0	0	0	36696	0	0	0	735718	0
LFQ	35	0	0	506	0	0	0	0	0	0	0	0	0	0	0	44145	0	0	0	0	0	0	5957	0	0	0	0	0	3459	0	0	0	0	38009	0	0	0	736296	0
LFQ	36	0	0	627	0	0	0	0	0	0	0	0	0	0	0	46092	0	0	0	0	0	0	6525	0	0	0	0	0	3711	0	0	0	0	37297	0	0	0	734120	0
LFQ	37	0	0	549	0	0	0	0	0	0	0	0	0	0	0	46724	0	0	0	0	0	0	5644	0	0	0	0	0	3662	0	0	0	0	36349	0	0	0	735444	0
LFQ	38	0	0	570	0	0	0	0	0	0	0	0	0	0	0	46960	0	0	0	0	0	0	6558	0	0	0	0	0	3482	0	0	0	0	35998	0	0	0	734804	0
LFQ	39	0	0	353	0	0	0	0	0	0	0	0	0	0	0	47149	0	0	0	0	0	0	5465	0	0	0	0	0	3278	0	0	0	0	36946	0	0	0	735181	0
LFQ	40	0	0	512	0	0	0	0	0	0	0	0	0	0	0	48269	0	0	0	0	0	0	5559	0	0	0	0	0	3674	0	0	0	0	37728	0	0	0	732630	0
LFQ	41	0	0	546	0	0	0	0	0	0	0	0	0	0	0	46883	0	0	0	0	0	0	5145	0	0	0	0	0	3781	0	0	0	0	37471	0	0	0	734546	0
LFQ	42	0	0	616	0	0	0	0	0	0	0	0	0	0	0	47661	0	0	0	0	0	0	4427	0	0	0	0	0	4020	0	0	0	0	35169	0	0	0	736479	0
LFQ	43	0	0	669	0	0	0	0	0	0	0	0	0	0	0	49706	0	0	0	0	0	0	5774	0	0	0	0	0	3836	0	0	0	0	35318	0	0	0	733069	0
LFQ	44	0	0	582	0	0	0	0	0	0	0	0	0	0	0	49119	0	0	0	0	0	0	5480	0	0	0	0	0	4412	0	0	0	0	35661	0	0	0	733118	0
LFQ	45	0	0	439	0	0	0	0	0	0	0	0	0	0	0	49441	0	0	0	0	0	0	5606	0	0	0	0	0	4602	0	0	0	0	35396	0	0	0	732888	0
LFQ	46	0	0	678	0	0	0	0	0	0	0	0	0	0	0	51533	0	0	0	0	0	0	6029	0	0	0	0	0	4648	0	0	0	0	36914	0	0	0	728570	0
LFQ	47	0	0	765	0	0	0	0	0	0	0	0	0	0	0	49251	0	0	0	0	0	0	6495	0	0	0	0	0	5491	0	0	0	0	35685	0	0	0	730685	0
LFQ	48	0	0	705	0	0	0	0	0	0	0	0	0	0	0	50855	0	0	0	0	0	0	5887	0	0	0	0	0	5432	0	0	0	0	37398	0	0	0	728095	0
LFQ	49	0	0	729	0	0	0	0	0	0	0	0	0	0	0	50516	0	0	0	0	0	0	6206	0	0	0	0	0	6104	0	0	0	0	34565	0	0	0	730252	0
LFQ	50	0	0	652	0	0	0	0	0	0	0	0	0	0	0	48813	0	0	0	0	0	0	6871	0	0	0	0	0	5923	0	0	0	0	33354	0	0	0	732759	0
LFQ	51	0	0	740	0	0	0	0	0	0	0	0	0	0	0	49719	0	0	0	0	0	0	6065	0	0	0	0	0	6680	0	0	0	0	34628	0	0	0	730540	0
LFQ	52	0	0	682	0	0	0	0	0	0	0	0	0	0	0	48503	0	0	0	0	0	0	6529	0	0	0	0	0	7457	0	0	0	0	34756	0	0	0	730445	0
LFQ	53	0	0	584	0	0	0	0	0	0	0	0	0	0	0	47485	0	0	0	0	0	0	6870	0	0	0	0	0	7988	0	0	0	0	33245	0	0	0	732200	0
LFQ	54	0	0	813	0	0	0	0	0	0	0	0	0	0	0	49276	0	0	0	0	0	0	6729	0	0	0	0	0	8599	0	0	0	0	34256	0	0	0	728699	0
LFQ	55	0	0	828	0	0	0	0	0	0	0	0	0	0	0	50697	0	0	0	0	0	0	7455	0	0	0	0	0	8737	0	0	0	0	34785	0	0	0	725870	0
LFQ	56	0	0	824	0	0	0	0	0	0	0	0	0	0	0	50359	0	0	0	0	0	0	7651	0	0	0	0	0	9597	0	0	0	0	34245	0	0	0	725696	0
LFQ	57	0	0	910	0	0	0	0	0	0	0	0	0	0	0	51193	0	0	0	0	0	0	7035	0	0	0	0	0	9371	0	0	0	0	36329	0	0	0	723534	0
LFQ	58	0	0	820	0	0	0	0	0	0	0	0	0	0	0	52347	0	0	0	0	0	0	7654	0	0	0	0	0	9499	0	0	0	0	36666	0	0	0	721386	0
LFQ	59	0	0	882	0	0	0	0	0	0	0	0	0	0	0	53474	0	0	0	0	0	0	7455	0	0	0	0	0	10798	0	0	0	0	41526	0	0	0	714237	0
LFQ	60	0	0	955	0	0	0	0	0	0	0	0	0	0	0	51979	0	0	0	0	0	0	7578	0	0	0	0	0	10584	0	0	0	0	42234	0	0	0	715042	0
LFQ	61	0	0	850	0	0	0	0	0	0	0	0	0	0	0	55296	0	0	0	0	0	0	8221	0	0	0	0	0	11055	0	0	0	0	43313	0	0	0	709637	0
LFQ	62	0	0	905	0	0	0	0	0	0	0	0	0	0	0	54480	0	0	0	0	0	0	7402	0	0	0	0	0	11347	0	0	0	0	47044	0	0	0	707194	0
LFQ	63	0	0	869	0	0	0	0	0	0	0	0	0	0	0	54590	0	0	0	0	0	0	7640	0	0	0	0	0	12806	0	0	0	0	48467	0	0	0	704000	0
LFQ	64	0	0	1020	0	0	0	0	0	0	0	0	0	0	0	54487	0	0	0	0	0	0	7483	0	0	0	0	0	12350	0	0	0	0	49875	0	0	0	703157	0
LFQ	65	0	0	1043	0	0	0	0	0	0	0	0	0	0	0	55926	0	0	0	0	0	0	7308	0	0	0	0	0	12114	0	0	0	0	52642	0	0	0	699339	0
LFQ	66	0	0	1006	0	0	0	0	0	0	0	0	0	0	0	56442	0	0	0	0	0	0	7526	0	0	0	0	0	14446	0	0	0	0	60141	0	0	0	688811	0
LFQ	67	0	0	1025	0	0	0	0	0	0	0	0	0	0	0	55771	0	0	0	0	0	0	7271	0	0	0	0	0	14368	0	0	0	0	59983	0	0	0	689954	0
LFQ	68	0	0	866	0	0	0	0	0	0	0	0	0	0	0	58088	0	0	0	0	0	0	7600	0	0	0	0	0	15149	0	0	0	0	60458	0	0	0	686211	0
LFQ	69	0	0	743	0	0	0	0	0	0	0	0	0	0	0	57837	0	0	0	0	0	0	7790	0	0	0	0	0	15978	0	0	0	0	63956	0	0	0	682068	0
LFQ	70	0	0	661	0	0	0	0	0	0	0	0	0	0	0	58624	0	0	0	0	0	0	7369	0	0	0	0	0	16720	0	0	0	0	64706	0	0	0	680292	0
LFQ	71	0	0	619	0	0	0	0	0	0	0	0	0	0	0	58630	0	0	0	0	0	0	7860	0	0	0	0	0	17452	0	0	0	0	65710	0	0	0	678101	0
LFQ	72	0	0	621	0	0	0	0	0	0	0	0	0	0	0	56981	0	0	0	0	0	0	7275	0	0	0	0	0	16854	0	0	0	0	63880	0	0	0	682761	0
LFQ	73	0	0	670	0	0	0	0	0	0	0	0	0	0	0	57946	0	0	0	0	0	0	7542	0	0	0	0	0	18787	0	0	0	0	66219	0	0	0	677208	0
LFQ	74	0	0	571	0	0	0	0	0	0	0	0	0	0	0	57466	0	0	0	0	0	0	7883	0	0	0	0	0	19924	0	0	0	0	67797	0	0	0	674731	0
LFQ	75	0	0	701	0	0	0	0	0	0	0	0	0	0	0	59325	0	0	0	0	0	0	7537	0	0	0	0	0	21138	0	0	0	0	67676	0	0	0	671995	0
LFQ	76	0	0	785	0	0	0	0	0	0	0	0	0	0	0	85587	0	0	0	0	0	0	13220	0	0	0	0	0	36901	0	0	0	0	123072	0	0	0	568807	0
# GC Content of first fragments. Use `grep ^GCF | cut -f 2-` to extract this part.
GCF	0.50	2
GCF	1.76	0
GCF	3.02	1
GCF	4.27	2
GCF	5.78	1
GCF	7.04	2
GCF	8.29	4
GCF	10.30	2
GCF	12.31	3
GCF	13.57	5
GCF	14.82	10
GCF	16.33	22
GCF	17.59	67
GCF	18.84	116
GCF	20.10	216
GCF	21.36	333
GCF	22.86	532
GCF	24.12	1121
GCF	25.38	2300
GCF	26.63	2772
GCF	27.89	3366
GCF	29.40	6571
GCF	30.65	7084
GCF	31.91	8198
GCF	33.42	12415
GCF	34.67	23538
GCF	35.93	25719
GCF	37.19	30297
GCF	38.44	37624
GCF	39.95	29309
GCF	41.21	42663
GCF	42.46	62465
GCF	43.97	65885
GCF	45.23	86408
GCF	46.48	73556
GCF	47.74	87465
GCF	48.99	47250
GCF	50.50	52665
GCF	51.76	31266
GCF	53.02	29836
GCF	54.27	17535
GCF	55.53	12801
GCF	57.04	7676
GCF	58.29	6786
GCF	59.55	8688
GCF	61.06	2253
GCF	62.31	443
GCF	63.57	134
GCF	64.82	119
GCF	66.08	101
GCF	67.59	75
GCF	68.84	73
GCF	70.10	57
GCF	71.61	38
GCF	72.86	43
GCF	74.12	27
GCF	75.38	26
GCF	76.63	11
GCF	78.14	4
GCF	80.15	9
GCF	81.91	7
GCF	83.92	5
GCF	85.93	3
GCF	87.19	11
GCF	88.69	6
GCF	89.95	8
GCF	91.21	3
GCF	92.46	12
GCF	93.72	18
GCF	95.23	19
GCF	96.48	17
GCF	97.74	16
GCF	99.25	40
# GC Content of last fragments. Use `grep ^GCL | cut -f 2-` to extract this part.
GCL	0.50	2
GCL	1.76	0
GCL	3.02	12
GCL	4.27	15
GCL	5.78	22
GCL	7.04	56
GCL	8.29	70
GCL	9.55	40
GCL	10.80	43
GCL	12.31	54
GCL	13.57	59
GCL	14.82	76
GCL	16.33	101
GCL	17.59	201
GCL	18.84	264
GCL	20.10	386
GCL	21.36	593
GCL	22.86	921
GCL	24.12	1382
GCL	25.38	2232
GCL	26.63	3183
GCL	27.89	4622
GCL	29.40	6029
GCL	30.65	7899
GCL	31.91	10052
GCL	33.42	15459
GCL	34.67	18927
GCL	35.93	27043
GCL	37.19	30615
GCL	38.44	30231
GCL	39.95	40242
GCL	41.21	54326
GCL	42.46	39178
GCL	43.97	51681
GCL	45.23	50122
GCL	46.48	104081
GCL	47.74	81952
GCL	48.99	34967
GCL	50.50	44068
GCL	51.76	31533
GCL	53.02	32186
GCL	54.27	16881
GCL	55.53	26317
GCL	57.04	13508
GCL	58.29	18481
GCL	59.55	13462
GCL	61.06	5150
GCL	62.31	3076
GCL	63.57	377
GCL	64.82	321
GCL	66.08	285
GCL	67.59	282
GCL	68.84	223
GCL	70.85	219
GCL	72.86	209
GCL	74.12	183
GCL	75.38	187
GCL	76.63	145
GCL	78.14	166
GCL	79.40	150
GCL	80.65	145
GCL	81.91	132
GCL	83.17	129
GCL	84.67	133
GCL	85.93	129
GCL	87.19	119
GCL	88.69	95
GCL	89.95	133
GCL	91.21	107
GCL	92.46	130
GCL	93.72	137
GCL	95.23	159
GCL	96.48	173
GCL	97.74	199
GCL	99.25	283
# ACGT content per cycle. Use `grep ^GCC | cut -f 2-` to extract this part. The columns are: cycle; A,C,G,T base counts as a percentage of all A/C/G/T bases [%]; and N and O counts as a percentage of all A/C/G/T bases [%]
GCC	1	9.23	42.78	38.00	9.99	0.07	0.00
GCC	2	27.14	25.53	18.64	28.70	0.02	0.00
GCC	3	21.86	30.76	24.71	22.67	0.00	0.00
GCC	4	26.28	25.92	21.35	26.45	0.00	0.00
GCC	5	29.21	22.65	19.71	28.43	0.00	0.00
GCC	6	29.05	20.69	19.64	30.62	0.00	0.00
GCC	7	29.55	21.19	17.70	31.57	0.00	0.00
GCC	8	27.27	22.95	21.51	28.28	0.00	0.00
GCC	9	30.54	21.48	18.89	29.10	0.00	0.00
GCC	10	32.06	19.52	19.22	29.20	0.01	0.00
GCC	11	25.88	26.05	24.04	24.03	0.01	0.00
GCC	12	25.79	24.61	24.79	24.81	0.01	0.00
GCC	13	26.36	22.77	22.39	28.48	0.02	0.00
GCC	14	28.64	21.91	19.95	29.50	0.02	0.00
GCC	15	27.01	22.37	20.79	29.83	0.01	0.00
GCC	16	27.21	24.76	22.03	26.00	0.02	0.00
GCC	17	26.38	22.90	23.28	27.44	0.02	0.00
GCC	18	28.48	23.28	20.04	28.20	0.02	0.00
GCC	19	25.42	23.05	21.69	29.84	0.02	0.00
GCC	20	26.94	22.37	21.93	28.76	0.02	0.00
GCC	21	27.40	23.02	21.74	27.84	0.02	0.00
GCC	22	26.12	23.31	21.88	28.69	0.02	0.00
GCC	23	28.05	23.32	20.01	28.62	0.02	0.00
GCC	24	28.00	22.69	20.57	28.74	0.02	0.00
GCC	25	30.32	20.95	20.43	28.30	0.02	0.00
GCC	26	28.34	23.64	19.94	28.07	0.03	0.00
GCC	27	26.84	22.81	21.86	28.50	0.02	0.00
GCC	28	26.45	23.38	22.57	27.60	0.03	0.00
GCC	29	27.04	24.62	21.22	27.13	0.02	0.00
GCC	30	28.30	22.06	19.87	29.76	0.03	0.00
GCC	31	29.51	21.52	19.22	29.74	0.03	0.00
GCC	32	27.97	22.81	22.21	27.00	0.03	0.00
GCC	33	25.22	26.16	22.31	26.32	0.04	0.00
GCC	34	27.27	22.06	21.66	29.00	0.04	0.00
GCC	35	25.62	24.56	21.18	28.64	0.03	0.00
GCC	36	25.55	24.71	21.87	27.87	0.04	0.00
GCC	37	27.84	23.76	21.14	27.26	0.03	0.00
GCC	38	26.72	25.20	20.28	27.80	0.03	0.00
GCC	39	27.14	23.23	20.27	29.36	0.02	0.00
GCC	40	27.31	23.13	19.86	29.70	0.03	0.00
GCC	41	26.44	23.91	22.85	26.81	0.03	0.00
GCC	42	29.57	21.77	21.35	27.32	0.04	0.00
GCC	43	26.80	24.37	21.23	27.60	0.04	0.00
GCC	44	27.55	23.63	22.21	26.60	0.04	0.00
GCC	45	26.11	24.73	22.83	26.33	0.03	0.00
GCC	46	28.21	22.26	19.79	29.74	0.04	0.00
GCC	47	29.13	20.44	21.27	29.16	0.05	0.00
GCC	48	25.40	25.48	21.97	27.15	0.04	0.00
GCC	49	29.47	21.77	20.77	28.00	0.04	0.00
GCC	50	28.95	22.94	19.72	28.39	0.04	0.00
GCC	51	30.12	20.58	19.16	30.14	0.04	0.00
GCC	52	27.99	21.69	21.03	29.29	0.04	0.00
GCC	53	29.37	21.29	19.21	30.12	0.04	0.00
GCC	54	30.10	20.90	19.73	29.27	0.05	0.00
GCC	55	29.20	23.12	19.36	28.32	0.05	0.00
GCC	56	28.28	22.97	21.63	27.11	0.05	0.00
GCC	57	25.50	25.05	23.77	25.68	0.05	0.00
GCC	58	27.49	23.94	20.48	28.09	0.05	0.00
GCC	59	29.22	21.09	19.20	30.49	0.05	0.00
GCC	60	26.92	24.14	22.04	26.90	0.06	0.00
GCC	61	30.42	21.23	19.78	28.57	0.05	0.00
GCC	62	28.37	22.14	19.34	30.15	0.06	0.00
GCC	63	28.89	20.88	20.85	29.37	0.05	0.00
GCC	64	27.58	24.16	21.30	26.96	0.06	0.00
GCC	65	27.08	24.74	22.16	26.02	0.06	0.00
GCC	66	27.00	23.44	21.79	27.76	0.06	0.00
GCC	67	26.64	23.58	21.20	28.58	0.06	0.00
GCC	68	28.49	22.10	21.22	28.19	0.05	0.00
GCC	69	28.49	23.94	21.36	26.21	0.05	0.00
GCC	70	28.27	22.71	20.49	28.53	0.04	0.00
GCC	71	27.75	22.83	20.77	28.65	0.04	0.00
GCC	72	28.28	23.59	21.11	27.02	0.04	0.00
GCC	73	28.53	22.60	22.37	26.51	0.04	0.00
GCC	74	27.07	23.37	21.35	28.20	0.04	0.00
GCC	75	27.50	24.14	22.32	26.04	0.04	0.00
GCC	76	26.18	23.82	23.97	26.02	0.05	0.00
# ACGT content per cycle, read oriented. Use `grep ^GCT | cut -f 2-` to extract this part. The columns are: cycle; A,C,G,T base counts as a percentage of all A/C/G/T bases [%]
GCT	1	11.16	60.46	20.32	8.06
GCT	2	15.42	20.67	23.50	40.41
GCT	3	19.50	35.81	19.66	25.03
GCT	4	29.36	26.40	20.86	23.38
GCT	5	30.48	18.46	23.90	27.16
GCT	6	34.44	20.35	19.99	25.23
GCT	7	18.00	19.83	19.05	43.11
GCT	8	21.76	28.51	15.94	33.79
GCT	9	22.22	19.64	20.72	37.42
GCT	10	36.22	17.93	20.81	25.04
GCT	11	27.28	24.53	25.56	22.63
GCT	12	23.62	24.65	24.75	26.98
GCT	13	23.67	22.87	22.29	31.17
GCT	14	25.30	21.56	20.30	32.84
GCT	15	26.91	22.02	21.14	29.93
GCT	16	25.06	24.30	22.49	28.15
GCT	17	27.35	23.48	22.70	26.46
GCT	18	28.10	18.83	24.49	28.58
GCT	19	25.41	23.46	21.28	29.85
GCT	20	28.34	20.04	24.26	27.36
GCT	21	26.36	19.61	25.15	28.87
GCT	22	26.19	23.15	22.04	28.63
GCT	23	30.68	20.73	22.60	25.99
GCT	24	29.92	19.36	23.90	26.82
GCT	25	32.94	20.84	20.54	25.68
GCT	26	31.66	20.36	23.22	24.76
GCT	27	29.19	22.04	22.63	26.15
GCT	28	28.72	19.38	26.57	25.34
GCT	29	28.88	23.04	22.80	25.28
GCT	30	31.90	20.36	21.58	26.17
GCT	31	31.63	19.38	21.37	27.62
GCT	32	29.38	23.99	21.03	25.59
GCT	33	26.03	21.10	27.37	25.51
GCT	34	29.80	21.24	22.48	26.47
GCT	35	28.47	24.26	21.48	25.78
GCT	36	25.71	21.23	25.36	27.70
GCT	37	27.89	25.71	19.20	27.21
GCT	38	26.67	20.95	24.53	27.85
GCT	39	29.07	22.23	21.28	27.43
GCT	40	28.57	22.08	20.91	28.44
GCT	41	29.26	22.16	24.59	23.99
GCT	42	27.13	21.35	21.76	29.75
GCT	43	28.37	20.47	25.13	26.03
GCT	44	28.49	24.43	21.41	25.66
GCT	45	26.54	20.20	27.36	25.90
GCT	46	29.41	21.42	20.62	28.55
GCT	47	29.37	18.84	22.86	28.93
GCT	48	27.58	25.24	22.21	24.98
GCT	49	27.62	21.16	21.38	29.85
GCT	50	29.56	19.76	22.90	27.78
GCT	51	28.91	17.63	22.11	31.35
GCT	52	29.87	18.96	23.76	27.41
GCT	53	32.03	20.01	20.49	27.46
GCT	54	28.31	18.25	22.38	31.06
GCT	55	26.90	20.73	21.74	30.63
GCT	56	25.55	23.55	21.05	29.85
GCT	57	24.48	19.48	29.33	26.70
GCT	58	29.29	24.09	20.33	26.28
GCT	59	31.93	19.62	20.67	27.78
GCT	60	25.22	21.61	24.57	28.60
GCT	61	29.97	18.90	22.11	29.02
GCT	62	28.10	20.28	21.20	30.41
GCT	63	24.94	22.19	19.54	33.33
GCT	64	26.73	24.72	20.74	27.81
GCT	65	27.98	22.67	24.22	25.12
GCT	66	28.16	23.59	21.65	26.60
GCT	67	26.52	21.03	23.75	28.70
GCT	68	25.73	20.14	23.18	30.95
GCT	69	28.20	21.23	24.08	26.50
GCT	70	29.52	23.23	19.97	27.27
GCT	71	28.31	23.96	19.64	28.09
GCT	72	29.25	21.23	23.47	26.06
GCT	73	28.68	23.47	21.50	26.35
GCT	74	29.09	21.12	23.60	26.19
GCT	75	29.19	22.10	24.37	24.35
GCT	76	28.66	24.14	23.65	23.55
# ACGT content per cycle for first fragments. Use `grep ^FBC | cut -f 2-` to extract this part. The columns are: cycle; A,C,G,T base counts as a percentage of all A/C/G/T bases [%]; and N and O counts as a percentage of all A/C/G/T bases [%]
FBC	1	5.90	53.84	34.23	6.03	0.03	0.00
FBC	2	21.95	26.80	19.38	31.87	0.00	0.00
FBC	3	16.16	39.16	26.01	18.68	0.00	0.00
FBC	4	23.64	31.28	23.39	21.69	0.00	0.00
FBC	5	29.25	22.56	20.15	28.04	0.00	0.00
FBC	6	33.74	18.20	16.12	31.95	0.00	0.00
FBC	7	26.89	19.95	15.61	37.55	0.00	0.00
FBC	8	27.76	23.63	16.27	32.35	0.00	0.00
FBC	9	28.14	21.14	18.63	32.09	0.00	0.00
FBC	10	35.20	17.85	18.00	28.95	0.00	0.00
FBC	11	26.68	25.98	23.50	23.85	0.00	0.00
FBC	12	28.08	22.04	21.58	28.30	0.00	0.00
FBC	13	26.84	20.99	19.72	32.46	0.00	0.00
FBC	14	26.89	22.45	19.17	31.50	0.00	0.00
FBC	15	27.50	21.78	19.14	31.58	0.00	0.00
FBC	16	25.38	27.03	22.17	25.42	0.00	0.00
FBC	17	27.68	22.22	21.42	28.68	0.00	0.00
FBC	18	31.31	19.34	18.17	31.18	0.00	0.00
FBC	19	26.22	21.96	18.94	32.89	0.00	0.00
FBC	20	25.36	23.58	24.22	26.83	0.00	0.00
FBC	21	26.10	22.74	23.37	27.79	0.00	0.00
FBC	22	26.75	22.74	19.90	30.60	0.00	0.00
FBC	23	29.54	22.96	19.48	28.01	0.00	0.00
FBC	24	28.83	21.77	20.96	28.44	0.00	0.00
FBC	25	32.03	21.00	20.04	26.93	0.00	0.00
FBC	26	30.69	22.33	19.45	27.53	0.00	0.00
FBC	27	27.86	22.68	21.32	28.14	0.00	0.00
FBC	28	26.86	22.48	24.11	26.55	0.00	0.00
FBC	29	29.29	23.58	19.23	27.90	0.00	0.00
FBC	30	29.42	21.92	19.86	28.80	0.00	0.00
FBC	31	32.02	19.81	17.67	30.51	0.00	0.00
FBC	32	31.78	20.98	18.20	29.04	0.00	0.00
FBC	33	25.92	23.96	22.99	27.13	0.00	0.00
FBC	34	28.80	21.03	20.83	29.34	0.00	0.00
FBC	35	23.93	27.88	22.00	26.19	0.00	0.00
FBC	36	24.41	24.34	23.14	28.12	0.00	0.00
FBC	37	28.44	24.97	18.67	27.92	0.00	0.00
FBC	38	27.80	23.15	19.33	29.72	0.00	0.00
FBC	39	27.75	23.21	19.18	29.87	0.00	0.00
FBC	40	27.35	23.47	19.05	30.13	0.00	0.00
FBC	41	24.99	25.78	25.59	23.64	0.00	0.00
FBC	42	29.33	21.30	20.63	28.75	0.00	0.00
FBC	43	27.43	22.99	21.70	27.87	0.00	0.00
FBC	44	28.89	23.64	20.27	27.20	0.00	0.00
FBC	45	25.81	23.56	24.51	26.12	0.00	0.00
FBC	46	26.95	23.97	20.60	28.48	0.00	0.00
FBC	47	28.39	20.20	22.36	29.05	0.00	0.00
FBC	48	22.67	29.62	23.87	23.84	0.00	0.00
FBC	49	29.63	21.35	19.62	29.40	0.00	0.00
FBC	50	32.36	19.43	16.79	31.42	0.00	0.00
FBC	51	30.67	18.44	18.48	32.42	0.00	0.00
FBC	52	29.01	20.18	21.21	29.60	0.00	0.00
FBC	53	30.91	20.78	18.29	30.02	0.00	0.00
FBC	54	28.92	20.56	20.70	29.82	0.00	0.00
FBC	55	29.02	22.29	18.82	29.87	0.00	0.00
FBC	56	26.11	24.89	21.83	27.17	0.00	0.00
FBC	57	24.15	23.63	26.28	25.93	0.00	0.00
FBC	58	27.95	25.07	19.47	27.52	0.00	0.00
FBC	59	29.33	21.78	19.76	29.13	0.00	0.00
FBC	60	25.25	24.58	23.12	27.05	0.00	0.00
FBC	61	30.92	20.39	20.10	28.60	0.00	0.00
FBC	62	27.65	22.12	19.14	31.09	0.00	0.00
FBC	63	28.37	20.08	18.29	33.26	0.00	0.00
FBC	64	25.48	27.22	21.79	25.51	0.00	0.00
FBC	65	28.76	23.50	21.12	26.62	0.00	0.00
FBC	66	26.88	24.67	21.32	27.13	0.00	0.00
FBC	67	26.86	22.59	20.65	29.91	0.00	0.00
FBC	68	25.83	23.06	22.95	28.16	0.00	0.00
FBC	69	28.70	23.56	21.69	26.06	0.00	0.00
FBC	70	29.20	23.17	18.79	28.84	0.01	0.00
FBC	71	28.24	23.52	18.57	29.67	0.01	0.00
FBC	72	28.69	23.59	21.42	26.29	0.00	0.00
FBC	73	28.97	23.15	21.49	26.38	0.00	0.00
FBC	74	28.67	22.30	20.58	28.45	0.01	0.00
FBC	75	27.03	25.76	24.11	23.10	0.00	0.00
FBC	76	26.03	25.43	24.92	23.61	0.00	0.00
# ACGT raw counters for first fragments. Use `grep ^FTC | cut -f 2-` to extract this part. The columns are: A,C,G,T,N base counters
FTC	17314158	14802169	13132524	17706450	971
# ACGT content per cycle for last fragments. Use `grep ^LBC | cut -f 2-` to extract this part. The columns are: cycle; A,C,G,T base counts as a percentage of all A/C/G/T bases [%]; and N and O counts as a percentage of all A/C/G/T bases [%]
LBC	1	12.56	31.71	41.77	13.96	0.11	0.00
LBC	2	32.32	24.25	17.90	25.53	0.04	0.00
LBC	3	27.57	22.35	23.42	26.66	0.01	0.00
LBC	4	28.92	20.55	19.31	31.22	0.00	0.00
LBC	5	29.17	22.73	19.28	28.83	0.00	0.00
LBC	6	24.36	23.18	23.16	29.30	0.00	0.00
LBC	7	32.21	22.43	19.78	25.58	0.00	0.00
LBC	8	26.78	22.27	26.74	24.21	0.00	0.00
LBC	9	32.93	21.81	19.14	26.11	0.00	0.00
LBC	10	28.92	21.19	20.44	29.45	0.01	0.00
LBC	11	25.08	26.13	24.57	24.21	0.02	0.00
LBC	12	23.50	27.18	28.00	21.32	0.03	0.00
LBC	13	25.89	24.55	25.07	24.49	0.03	0.00
LBC	14	30.38	21.36	20.74	27.51	0.04	0.00
LBC	15	26.52	22.96	22.45	28.08	0.02	0.00
LBC	16	29.03	22.49	21.89	26.59	0.04	0.00
LBC	17	25.08	23.58	25.14	26.19	0.04	0.00
LBC	18	25.64	27.22	21.91	25.23	0.04	0.00
LBC	19	24.62	24.15	24.44	26.80	0.04	0.00
LBC	20	28.51	21.16	19.64	30.69	0.05	0.00
LBC	21	28.70	23.30	20.11	27.88	0.05	0.00
LBC	22	25.49	23.87	23.86	26.78	0.05	0.00
LBC	23	26.56	23.67	20.54	29.23	0.04	0.00
LBC	24	27.17	23.60	20.18	29.04	0.04	0.00
LBC	25	28.61	20.91	20.82	29.67	0.04	0.00
LBC	26	25.99	24.95	20.44	28.61	0.06	0.00
LBC	27	25.82	22.93	22.40	28.85	0.05	0.00
LBC	28	26.05	24.27	21.03	28.65	0.05	0.00
LBC	29	24.78	25.65	23.21	26.35	0.04	0.00
LBC	30	27.17	22.21	19.89	30.73	0.06	0.00
LBC	31	27.00	23.24	20.78	28.97	0.05	0.00
LBC	32	24.16	24.65	26.23	24.96	0.07	0.00
LBC	33	24.52	28.35	21.62	25.50	0.07	0.00
LBC	34	25.74	23.10	22.50	28.66	0.07	0.00
LBC	35	27.30	21.24	20.37	31.09	0.06	0.00
LBC	36	26.69	25.09	20.61	27.62	0.08	0.00
LBC	37	27.24	22.55	23.61	26.60	0.07	0.00
LBC	38	25.64	27.25	21.23	25.88	0.07	0.00
LBC	39	26.54	23.25	21.37	28.84	0.04	0.00
LBC	40	27.27	22.79	20.67	29.27	0.06	0.00
LBC	41	27.88	22.03	20.11	29.98	0.07	0.00
LBC	42	29.81	22.24	22.07	25.89	0.07	0.00
LBC	43	26.17	25.75	20.75	27.33	0.08	0.00
LBC	44	26.22	23.63	24.15	26.00	0.07	0.00
LBC	45	26.41	25.90	21.16	26.53	0.05	0.00
LBC	46	29.48	20.54	18.98	31.00	0.08	0.00
LBC	47	29.88	20.68	20.17	29.27	0.09	0.00
LBC	48	28.14	21.34	20.05	30.47	0.09	0.00
LBC	49	29.30	22.20	21.92	26.59	0.09	0.00
LBC	50	25.54	26.46	22.65	25.35	0.08	0.00
LBC	51	29.57	22.73	19.84	27.86	0.09	0.00
LBC	52	26.97	23.21	20.84	28.97	0.08	0.00
LBC	53	27.83	21.80	20.14	30.23	0.07	0.00
LBC	54	31.29	21.23	18.76	28.72	0.10	0.00
LBC	55	29.39	23.94	19.90	26.78	0.10	0.00
LBC	56	30.46	21.06	21.43	27.06	0.10	0.00
LBC	57	26.86	26.47	21.24	25.43	0.11	0.00
LBC	58	27.03	22.82	21.49	28.65	0.10	0.00
LBC	59	29.11	20.40	18.64	31.85	0.11	0.00
LBC	60	28.60	23.69	20.96	26.75	0.12	0.00
LBC	61	29.92	22.07	19.47	28.54	0.10	0.00
LBC	62	29.08	22.17	19.55	29.20	0.11	0.00
LBC	63	29.42	21.68	23.42	25.48	0.11	0.00
LBC	64	29.70	21.09	20.80	28.40	0.12	0.00
LBC	65	25.40	25.97	23.20	25.42	0.13	0.00
LBC	66	27.13	22.21	22.27	28.39	0.12	0.00
LBC	67	26.43	24.57	21.75	27.25	0.12	0.00
LBC	68	31.16	21.15	19.48	28.22	0.10	0.00
LBC	69	28.28	24.33	21.03	26.36	0.09	0.00
LBC	70	27.33	22.25	22.19	28.22	0.08	0.00
LBC	71	27.26	22.13	22.97	27.63	0.07	0.00
LBC	72	27.87	23.59	20.79	27.75	0.08	0.00
LBC	73	28.08	22.04	23.24	26.64	0.08	0.00
LBC	74	25.47	24.44	22.13	27.96	0.07	0.00
LBC	75	27.96	22.53	20.53	28.98	0.08	0.00
LBC	76	26.34	22.21	23.02	28.44	0.09	0.00
# ACGT raw counters for last fragments. Use `grep ^LTC | cut -f 2-` to extract this part. The columns are: A,C,G,T,N base counters
LTC	17228868	14675391	13720043	17291099	40871
# Insert sizes. Use `grep ^IS | cut -f 2-` to extract this part. The columns are: insert size, pairs total, inward oriented pairs, outward oriented pairs, other pairs
IS	0	303	69	91	143
IS	1	0	0	0	0
IS	2	0	0	0	0
IS	3	0	0	0	0
IS	4	0	0	0	0
IS	5	0	0	0	0
IS	6	0	0	0	0
IS	7	0	0	0	0
IS	8	0	0	0	0
IS	9	0	0	0	0
IS	10	0	0	0	0
IS	11	0	0	0	0
IS	12	0	0	0	0
IS	13	0	0	0	0
IS	14	0	0	0	0
IS	15	0	0	0	0
IS	16	0	0	0	0
IS	17	0	0	0	0
IS	18	0	0	0	0
IS	19	0	0	0	0
IS	20	0	0	0	0
IS	21	0	0	0	0
IS	22	0	0	0	0
IS	23	0	0	0	0
IS	24	0	0	0	0
IS	25	0	0	0	0
IS	26	0	0	0	0
IS	27	0	0	0	0
IS	28	0	0	0	0
IS	29	0	0	0	0
IS	30	0	0	0	0
IS	31	0	0	0	0
IS	32	0	0	0	0
IS	33	0	0	0	0
IS	34	0	0	0	0
IS	35	0	0	0	0
IS	36	0	0	0	0
IS	37	0	0	0	0
IS	38	0	0	0	0
IS	39	0	0	0	0
IS	40	0	0	0	0
IS	41	0	0	0	0
IS	42	0	0	0	0
IS	43	0	0	0	0
IS	44	0	0	0	0
IS	45	0	0	0	0
IS	46	0	0	0	0
IS	47	0	0	0	0
IS	48	0	0	0	0
IS	49	0	0	0	0
IS	50	0	0	0	0
IS	51	0	0	0	0
IS	52	0	0	0	0
IS	53	0	0	0	0
IS	54	0	0	0	0
IS	55	0	0	0	0
IS	56	0	0	0	0
IS	57	0	0	0	0
IS	58	0	0	0	0
IS	59	0	0	0	0
IS	60	0	0	0	0
IS	61	0	0	0	0
IS	62	0	0	0	0
IS	63	0	0	0	0
IS	64	0	0	0	0
IS	65	0	0	0	0
IS	66	0	0	0	0
IS	67	0	0	0	0
IS	68	0	0	0	0
IS	69	0	0	0	0
IS	70	0	0	0	0
IS	71	0	0	0	0
IS	72	0	0	0	0
IS	73	0	0	0	0
IS	74	0	0	0	0
IS	75	0	0	0	0
IS	76	473	473	0	0
IS	77	709	689	20	0
IS	78	720	691	29	0
IS	79	711	692	19	0
IS	80	764	749	15	0
IS	81	966	953	13	0
IS	82	1166	1160	6	0
IS	83	1694	1690	4	0
IS	84	1270	1257	13	0
IS	85	3724	3722	2	0
IS	86	2085	2083	2	0
IS	87	2616	2614	2	0
IS	88	3073	3069	4	0
IS	89	2875	2874	1	0
IS	90	7438	7437	1	0
IS	91	4162	4161	1	0
IS	92	7638	7637	1	0
IS	93	4048	4048	0	0
IS	94	2889	2889	0	0
IS	95	3522	3522	0	0
IS	96	5220	5220	0	0
IS	97	7051	7051	0	0
IS	98	3390	3390	0	0
IS	99	3181	3181	0	0
IS	100	4037	4037	0	0
IS	101	3833	3833	0	0
IS	102	3827	3827	0	0
IS	103	3911	3911	0	0
IS	104	3789	3789	0	0
IS	105	4562	4562	0	0
IS	106	4574	4574	0	0
IS	107	4133	4133	0	0
IS	108	4891	4891	0	0
IS	109	4908	4908	0	0
IS	110	5154	5154	0	0
IS	111	5444	5444	0	0
IS	112	5872	5870	2	0
IS	113	5874	5872	2	0
IS	114	5970	5968	2	0
IS	115	5776	5775	1	0
IS	116	7020	7020	0	0
IS	117	6269	6268	1	0
IS	118	6166	6166	0	0
IS	119	6471	6468	3	0
IS	120	6113	6113	0	0
IS	121	6995	6994	1	0
IS	122	7038	7034	4	0
IS	123	6317	6316	1	0
IS	124	6476	6442	34	0
IS	125	6885	6885	0	0
IS	126	7059	7059	0	0
IS	127	7879	7879	0	0
IS	128	8709	8709	0	0
IS	129	9965	9965	0	0
IS	130	10243	10243	0	0
IS	131	8805	8805	0	0
IS	132	12679	12679	0	0
IS	133	9562	9562	0	0
IS	134	7687	7686	1	0
IS	135	7151	7151	0	0
IS	136	7264	7264	0	0
IS	137	12283	12283	0	0
IS	138	6846	6846	0	0
IS	139	8831	8831	0	0
IS	140	7210	7210	0	0
IS	141	7888	7888	0	0
IS	142	6043	6043	0	0
IS	143	5857	5857	0	0
IS	144	5619	5619	0	0
IS	145	6442	6442	0	0
IS	146	6156	6156	0	0
IS	147	6217	6217	0	0
IS	148	5700	5699	1	0
IS	149	5458	5458	0	0
IS	150	5813	5813	0	0
IS	151	5962	5962	0	0
IS	152	6664	6664	0	0
IS	153	6154	6154	0	0
IS	154	5872	5872	0	0
IS	155	6207	6207	0	0
IS	156	5956	5956	0	0
IS	157	5606	5606	0	0
IS	158	5917	5917	0	0
IS	159	5018	5018	0	0
IS	160	5127	5127	0	0
IS	161	5076	5076	0	0
IS	162	4928	4928	0	0
IS	163	4605	4605	0	0
IS	164	4657	4657	0	0
IS	165	4633	4633	0	0
IS	166	3939	3939	0	0
IS	167	4170	4170	0	0
IS	168	3960	3960	0	0
IS	169	3983	3982	1	0
IS	170	3819	3819	0	0
IS	171	4092	4091	1	0
IS	172	4086	4086	0	0
IS	173	3834	3834	0	0
IS	174	4274	4274	0	0
IS	175	4264	4264	0	0
IS	176	3467	3466	1	0
IS	177	3560	3560	0	0
IS	178	3528	3527	1	0
IS	179	3824	3824	0	0
IS	180	3724	3724	0	0
IS	181	3587	3587	0	0
IS	182	3267	3267	0	0
IS	183	3401	3401	0	0
IS	184	3374	3374	0	0
IS	185	3165	3165	0	0
IS	186	2877	2876	1	0
IS	187	2751	2751	0	0
IS	188	2824	2824	0	0
IS	189	2712	2712	0	0
IS	190	2718	2718	0	0
IS	191	2871	2871	0	0
IS	192	2777	2777	0	0
IS	193	2562	2562	0	0
IS	194	2441	2441	0	0
IS	195	2669	2669	0	0
IS	196	2650	2649	1	0
IS	197	2390	2390	0	0
IS	198	2477	2477	0	0
IS	199	2557	2557	0	0
IS	200	2463	2463	0	0
IS	201	2914	2914	0	0
IS	202	2095	2095	0	0
IS	203	1982	1982	0	0
IS	204	1650	1650	0	0
IS	205	1825	1825	0	0
IS	206	1879	1879	0	0
IS	207	2083	2083	0	0
IS	208	1996	1996	0	0
IS	209	1901	1901	0	0
IS	210	1606	1606	0	0
IS	211	1407	1407	0	0
IS	212	1605	1605	0	0
IS	213	1554	1554	0	0
IS	214	1652	1652	0	0
IS	215	1697	1697	0	0
IS	216	1615	1615	0	0
IS	217	1629	1629	0	0
IS	218	1546	1546	0	0
IS	219	1741	1740	1	0
IS	220	1519	1519	0	0
IS	221	1315	1315	0	0
IS	222	1376	1376	0	0
IS	223	1391	1391	0	0
IS	224	1325	1325	0	0
IS	225	1242	1242	0	0
IS	226	1308	1308	0	0
IS	227	1342	1342	0	0
IS	228	1297	1297	0	0
IS	229	1197	1197	0	0
IS	230	1427	1427	0	0
IS	231	1436	1436	0	0
IS	232	1335	1335	0	0
IS	233	1221	1221	0	0
IS	234	1143	1143	0	0
IS	235	1126	1126	0	0
IS	236	985	985	0	0
IS	237	969	969	0	0
IS	238	972	972	0	0
IS	239	918	918	0	0
IS	240	918	918	0	0
IS	241	920	920	0	0
IS	242	990	990	0	0
IS	243	873	873	0	0
IS	244	879	879	0	0
IS	245	914	914	0	0
IS	246	900	900	0	0
IS	247	1004	1004	0	0
IS	248	803	803	0	0
IS	249	858	858	0	0
IS	250	858	858	0	0
IS	251	842	842	0	0
IS	252	871	871	0	0
IS	253	792	792	0	0
IS	254	758	758	0	0
IS	255	769	769	0	0
IS	256	672	672	0	0
IS	257	745	745	0	0
IS	258	741	741	0	0
IS	259	769	769	0	0
IS	260	731	731	0	0
IS	261	725	725	0	0
IS	262	843	843	0	0
IS	263	672	672	0	0
IS	264	727	727	0	0
IS	265	651	651	0	0
IS	266	629	629	0	0
IS	267	533	533	0	0
IS	268	565	565	0	0
IS	269	610	610	0	0
IS	270	533	533	0	0
IS	271	517	517	0	0
IS	272	511	511	0	0
IS	273	522	522	0	0
IS	274	548	548	0	0
IS	275	542	542	0	0
IS	276	509	509	0	0
IS	277	444	444	0	0
IS	278	470	470	0	0
IS	279	486	486	0	0
IS	280	513	513	0	0
IS	281	507	507	0	0
IS	282	458	458	0	0
IS	283	494	494	0	0
IS	284	480	480	0	0
IS	285	569	568	1	0
IS	286	592	592	0	0
IS	287	406	406	0	0
IS	288	546	546	0	0
IS	289	391	391	0	0
IS	290	475	475	0	0
IS	291	428	428	0	0
IS	292	385	385	0	0
IS	293	385	385	0	0
IS	294	316	316	0	0
IS	295	318	318	0	0
IS	296	286	286	0	0
IS	297	264	264	0	0
IS	298	283	283	0	0
IS	299	286	286	0	0
IS	300	247	247	0	0
IS	301	296	296	0	0
IS	302	259	259	0	0
IS	303	235	235	0	0
IS	304	262	262	0	0
IS	305	234	234	0	0
IS	306	243	243	0	0
IS	307	255	255	0	0
IS	308	242	242	0	0
IS	309	238	238	0	0
IS	310	222	222	0	0
IS	311	223	223	0	0
IS	312	173	173	0	0
IS	313	193	193	0	0
IS	314	208	208	0	0
IS	315	192	192	0	0
IS	316	209	209	0	0
IS	317	208	208	0	0
IS	318	178	177	1	0
IS	319	181	181	0	0
IS	320	164	164	0	0
IS	321	154	154	0	0
IS	322	172	172	0	0
IS	323	175	175	0	0
IS	324	156	156	0	0
IS	325	154	154	0	0
IS	326	149	149	0	0
IS	327	175	175	0	0
IS	328	131	131	0	0
IS	329	142	142	0	0
IS	330	136	136	0	0
IS	331	176	176	0	0
IS	332	178	178	0	0
IS	333	176	176	0	0
IS	334	129	129	0	0
IS	335	171	171	0	0
IS	336	167	167	0	0
IS	337	146	146	0	0
IS	338	116	116	0	0
IS	339	120	120	0	0
IS	340	122	122	0	0
IS	341	132	132	0	0
IS	342	130	130	0	0
IS	343	140	140	0	0
IS	344	135	135	0	0
IS	345	115	115	0	0
IS	346	116	116	0	0
IS	347	154	154	0	0
IS	348	106	106	0	0
IS	349	92	92	0	0
IS	350	100	100	0	0
IS	351	114	114	0	0
IS	352	118	118	0	0
IS	353	120	120	0	0
IS	354	116	116	0	0
IS	355	105	105	0	0
IS	356	104	104	0	0
IS	357	110	110	0	0
IS	358	97	97	0	0
IS	359	99	99	0	0
IS	360	71	71	0	0
IS	361	94	94	0	0
IS	362	92	92	0	0
IS	363	98	98	0	0
IS	364	132	132	0	0
IS	365	83	83	0	0
IS	366	81	81	0	0
IS	367	111	111	0	0
IS	368	62	62	0	0
IS	369	61	61	0	0
IS	370	88	88	0	0
IS	371	115	115	0	0
IS	372	123	123	0	0
IS	373	68	68	0	0
IS	374	79	79	0	0
IS	375	115	115	0	0
IS	376	85	85	0	0
IS	377	88	88	0	0
IS	378	98	98	0	0
IS	379	46	46	0	0
IS	380	56	56	0	0
IS	381	39	39	0	0
IS	382	41	41	0	0
IS	383	72	72	0	0
IS	384	54	54	0	0
IS	385	53	53	0	0
IS	386	62	62	0	0
IS	387	151	151	0	0
IS	388	192	192	0	0
IS	389	67	67	0	0
IS	390	71	71	0	0
IS	391	52	52	0	0
IS	392	71	71	0	0
IS	393	105	105	0	0
IS	394	62	62	0	0
IS	395	53	53	0	0
IS	396	44	44	0	0
IS	397	66	66	0	0
IS	398	80	80	0	0
IS	399	108	108	0	0
IS	400	114	114	0	0
IS	401	63	63	0	0
IS	402	90	90	0	0
IS	403	108	108	0	0
IS	404	82	82	0	0
IS	405	49	49	0	0
IS	406	39	39	0	0
IS	407	30	30	0	0
IS	408	42	42	0	0
IS	409	65	65	0	0
IS	410	47	47	0	0
IS	411	38	38	0	0
IS	412	61	61	0	0
IS	413	59	59	0	0
IS	414	49	49	0	0
IS	415	65	65	0	0
IS	416	51	51	0	0
IS	417	46	46	0	0
IS	418	58	58	0	0
IS	419	32	32	0	0
IS	420	46	46	0	0
IS	421	30	30	0	0
IS	422	36	36	0	0
IS	423	45	45	0	0
IS	424	54	54	0	0
IS	425	31	31	0	0
IS	426	31	31	0	0
IS	427	46	46	0	0
IS	428	45	45	0	0
IS	429	40	40	0	0
IS	430	26	26	0	0
IS	431	36	36	0	0
IS	432	47	47	0	0
IS	433	49	49	0	0
IS	434	46	46	0	0
IS	435	50	50	0	0
IS	436	35	35	0	0
IS	437	45	45	0	0
IS	438	44	44	0	0
IS	439	39	39	0	0
IS	440	28	28	0	0
IS	441	30	30	0	0
IS	442	31	31	0	0
IS	443	61	61	0	0
IS	444	44	44	0	0
IS	445	44	44	0	0
IS	446	44	44	0	0
IS	447	43	43	0	0
IS	448	35	35	0	0
IS	449	44	44	0	0
IS	450	32	32	0	0
IS	451	28	28	0	0
IS	452	33	33	0	0
IS	453	65	65	0	0
IS	454	34	34	0	0
IS	455	29	29	0	0
IS	456	30	30	0	0
IS	457	29	29	0	0
IS	458	25	25	0	0
IS	459	26	26	0	0
IS	460	29	29	0	0
IS	461	42	42	0	0
IS	462	37	37	0	0
IS	463	50	50	0	0
IS	464	30	30	0	0
IS	465	37	37	0	0
IS	466	47	47	0	0
IS	467	39	39	0	0
IS	468	46	46	0	0
IS	469	48	48	0	0
IS	470	18	18	0	0
IS	471	41	41	0	0
IS	472	62	62	0	0
IS	473	35	35	0	0
IS	474	44	44	0	0
IS	475	29	29	0	0
IS	476	38	38	0	0
IS	477	31	31	0	0
IS	478	38	38	0	0
IS	479	44	44	0	0
IS	480	48	48	0	0
IS	481	30	30	0	0
IS	482	53	53	0	0
IS	483	40	40	0	0
IS	484	61	61	0	0
IS	485	59	59	0	0
IS	486	39	39	0	0
IS	487	48	48	0	0
IS	488	38	38	0	0
IS	489	47	47	0	0
IS	490	29	29	0	0
IS	491	35	35	0	0
IS	492	30	30	0	0
IS	493	32	32	0	0
IS	494	48	48	0	0
IS	495	44	44	0	0
IS	496	26	26	0	0
IS	497	48	48	0	0
IS	498	68	68	0	0
IS	499	34	34	0	0
IS	500	37	37	0	0
IS	501	28	28	0	0
IS	502	37	37	0	0
IS	503	42	42	0	0
IS	504	52	52	0	0
IS	505	42	42	0	0
IS	506	55	55	0	0
IS	507	84	84	0	0
IS	508	64	64	0	0
IS	509	58	58	0	0
IS	510	47	47	0	0
IS	511	41	41	0	0
IS	512	30	30	0	0
IS	513	21	21	0	0
IS	514	49	49	0	0
IS	515	46	46	0	0
IS	516	48	48	0	0
IS	517	42	42	0	0
IS	518	73	73	0	0
IS	519	72	72	0	0
IS	520	23	23	0	0
IS	521	39	39	0	0
IS	522	23	23	0	0
IS	523	27	27	0	0
IS	524	31	31	0	0
IS	525	27	27	0	0
IS	526	27	27	0	0
IS	527	37	37	0	0
IS	528	21	21	0	0
IS	529	32	32	0	0
IS	530	44	44	0	0
IS	531	45	45	0	0
IS	532	30	30	0	0
IS	533	28	28	0	0
IS	534	31	31	0	0
IS	535	23	23	0	0
IS	536	29	29	0	0
IS	537	9	9	0	0
IS	538	10	10	0	0
IS	539	12	12	0	0
IS	540	16	16	0	0
IS	541	10	10	0	0
IS	542	18	18	0	0
IS	543	7	7	0	0
IS	544	12	12	0	0
IS	545	7	7	0	0
IS	546	6	6	0	0
IS	547	13	13	0	0
IS	548	6	6	0	0
IS	549	10	10	0	0
IS	550	12	12	0	0
IS	551	6	6	0	0
IS	552	8	8	0	0
IS	553	5	5	0	0
IS	554	16	16	0	0
IS	555	7	7	0	0
IS	556	8	8	0	0
IS	557	14	14	0	0
IS	558	2	2	0	0
IS	559	9	9	0	0
IS	560	10	10	0	0
IS	561	11	11	0	0
IS	562	6	6	0	0
IS	563	11	11	0	0
IS	564	9	9	0	0
IS	565	9	9	0	0
IS	566	7	7	0	0
IS	567	5	5	0	0
IS	568	12	12	0	0
IS	569	8	8	0	0
IS	570	11	11	0	0
IS	571	15	15	0	0
IS	572	8	8	0	0
IS	573	8	8	0	0
IS	574	9	9	0	0
IS	575	15	15	0	0
IS	576	19	19	0	0
IS	577	10	10	0	0
IS	578	15	15	0	0
IS	579	19	19	0	0
IS	580	16	16	0	0
IS	581	13	13	0	0
IS	582	19	19	0	0
IS	583	15	15	0	0
IS	584	16	16	0	0
IS	585	21	21	0	0
IS	586	11	11	0	0
IS	587	47	47	0	0
IS	588	33	33	0	0
IS	589	27	27	0	0
IS	590	15	15	0	0
IS	591	8	8	0	0
IS	592	27	27	0	0
IS	593	25	25	0	0
IS	594	42	42	0	0
IS	595	38	38	0	0
IS	596	45	45	0	0
IS	597	24	24	0	0
IS	598	15	15	0	0
IS	599	46	46	0	0
IS	600	57	57	0	0
IS	601	29	29	0	0
IS	602	32	32	0	0
IS	603	28	28	0	0
IS	604	36	36	0	0
IS	605	36	36	0	0
IS	606	45	45	0	0
IS	607	49	49	0	0
IS	608	53	53	0	0
IS	609	53	53	0	0
IS	610	67	67	0	0
IS	611	85	85	0	0
IS	612	97	97	0	0
IS	613	80	80	0	0
IS	614	41	41	0	0
IS	615	72	72	0	0
IS	616	51	51	0	0
IS	617	137	137	0	0
IS	618	106	106	0	0
IS	619	142	142	0	0
IS	620	57	57	0	0
IS	621	71	71	0	0
IS	622	49	49	0	0
IS	623	97	97	0	0
IS	624	48	48	0	0
IS	625	36	36	0	0
IS	626	30	30	0	0
IS	627	41	41	0	0
IS	628	35	35	0	0
IS	629	54	54	0	0
IS	630	41	41	0	0
IS	631	36	36	0	0
IS	632	56	56	0	0
IS	633	52	52	0	0
IS	634	45	45	0	0
IS	635	39	39	0	0
IS	636	84	84	0	0
IS	637	54	54	0	0
IS	638	37	37	0	0
IS	639	54	54	0	0
IS	640	50	50	0	0
IS	641	73	73	0	0
IS	642	49	49	0	0
IS	643	94	94	0	0
IS	644	62	62	0	0
IS	645	69	69	0	0
IS	646	65	65	0	0
IS	647	64	64	0	0
IS	648	101	101	0	0
IS	649	73	73	0	0
IS	650	71	71	0	0
IS	651	56	56	0	0
IS	652	82	82	0	0
IS	653	121	121	0	0
IS	654	110	110	0	0
IS	655	70	70	0	0
IS	656	91	91	0	0
IS	657	103	103	0	0
IS	658	117	117	0	0
IS	659	96	96	0	0
IS	660	120	120	0	0
IS	661	125	125	0	0
IS	662	130	130	0	0
IS	663	130	130	0	0
IS	664	92	92	0	0
IS	665	111	111	0	0
IS	666	113	113	0	0
IS	667	83	83	0	0
IS	668	118	118	0	0
IS	669	133	133	0	0
IS	670	100	100	0	0
IS	671	121	121	0	0
IS	672	104	104	0	0
IS	673	153	153	0	0
IS	674	134	134	0	0
IS	675	89	89	0	0
IS	676	85	85	0	0
IS	677	86	86	0	0
IS	678	100	100	0	0
IS	679	90	90	0	0
IS	680	127	127	0	0
IS	681	100	100	0	0
IS	682	106	106	0	0
IS	683	111	111	0	0
IS	684	103	103	0	0
IS	685	95	95	0	0
IS	686	112	112	0	0
IS	687	81	81	0	0
IS	688	83	83	0	0
IS	689	64	64	0	0
IS	690	89	89	0	0
IS	691	85	85	0	0
IS	692	84	84	0	0
IS	693	65	65	0	0
IS	694	73	73	0	0
IS	695	74	74	0	0
IS	696	79	79	0	0
IS	697	72	72	0	0
IS	698	84	84	0	0
IS	699	84	84	0	0
IS	700	137	137	0	0
IS	701	108	108	0	0
IS	702	137	137	0	0
IS	703	150	150	0	0
IS	704	74	74	0	0
IS	705	113	113	0	0
IS	706	91	91	0	0
IS	707	131	131	0	0
IS	708	128	128	0	0
IS	709	85	85	0	0
IS	710	85	85	0	0
IS	711	83	83	0	0
IS	712	107	107	0	0
IS	713	112	112	0	0
IS	714	112	112	0	0
IS	715	124	124	0	0
IS	716	141	141	0	0
IS	717	140	140	0	0
IS	718	141	141	0	0
IS	719	118	118	0	0
IS	720	109	109	0	0
IS	721	104	104	0	0
IS	722	148	148	0	0
IS	723	131	131	0	0
IS	724	154	154	0	0
IS	725	189	189	0	0
IS	726	184	184	0	0
IS	727	195	195	0	0
IS	728	165	165	0	0
IS	729	114	114	0	0
IS	730	241	241	0	0
IS	731	133	133	0	0
IS	732	174	174	0	0
IS	733	171	171	0	0
IS	734	173	173	0	0
IS	735	186	186	0	0
IS	736	154	154	0	0
IS	737	339	339	0	0
IS	738	160	160	0	0
IS	739	184	184	0	0
IS	740	174	174	0	0
IS	741	175	175	0	0
IS	742	139	139	0	0
IS	743	156	156	0	0
IS	744	158	158	0	0
IS	745	283	283	0	0
IS	746	120	120	0	0
IS	747	142	142	0	0
IS	748	148	148	0	0
IS	749	137	137	0	0
IS	750	123	123	0	0
IS	751	153	153	0	0
IS	752	205	205	0	0
IS	753	110	110	0	0
IS	754	121	121	0	0
IS	755	130	130	0	0
IS	756	110	110	0	0
IS	757	145	145	0	0
IS	758	86	86	0	0
IS	759	111	111	0	0
IS	760	122	122	0	0
IS	761	122	122	0	0
IS	762	173	173	0	0
IS	763	111	111	0	0
IS	764	150	150	0	0
IS	765	154	154	0	0
IS	766	129	129	0	0
IS	767	131	131	0	0
IS	768	145	145	0	0
IS	769	164	164	0	0
IS	770	148	148	0	0
IS	771	93	93	0	0
IS	772	124	124	0	0
IS	773	123	123	0	0
IS	774	121	121	0	0
IS	775	130	130	0	0
IS	776	109	109	0	0
IS	777	141	141	0	0
IS	778	96	96	0	0
IS	779	93	93	0	0
IS	780	95	95	0	0
IS	781	118	118	0	0
IS	782	74	74	0	0
IS	783	92	92	0	0
IS	784	81	81	0	0
IS	785	79	79	0	0
IS	786	87	87	0	0
IS	787	73	73	0	0
IS	788	105	105	0	0
IS	789	77	77	0	0
IS	790	80	80	0	0
IS	791	88	88	0	0
IS	792	49	49	0	0
IS	793	106	106	0	0
IS	794	70	70	0	0
IS	795	63	63	0	0
IS	796	80	80	0	0
IS	797	87	87	0	0
IS	798	88	88	0	0
IS	799	73	73	0	0
IS	800	56	56	0	0
IS	801	67	67	0	0
IS	802	56	56	0	0
IS	803	64	64	0	0
IS	804	88	88	0	0
IS	805	84	84	0	0
IS	806	66	66	0	0
IS	807	58	58	0	0
IS	808	69	69	0	0
IS	809	74	74	0	0
IS	810	50	50	0	0
IS	811	51	51	0	0
IS	812	88	88	0	0
IS	813	52	52	0	0
IS	814	64	64	0	0
IS	815	46	46	0	0
IS	816	41	41	0	0
IS	817	65	65	0	0
IS	818	57	57	0	0
IS	819	64	64	0	0
IS	820	50	50	0	0
IS	821	40	40	0	0
IS	822	63	63	0	0
IS	823	47	47	0	0
IS	824	51	51	0	0
IS	825	24	24	0	0
IS	826	64	64	0	0
IS	827	64	64	0	0
IS	828	44	44	0	0
IS	829	39	39	0	0
IS	830	45	45	0	0
IS	831	38	38	0	0
IS	832	36	36	0	0
IS	833	51	51	0	0
IS	834	45	45	0	0
IS	835	41	41	0	0
IS	836	21	21	0	0
IS	837	40	40	0	0
IS	838	27	27	0	0
IS	839	30	30	0	0
IS	840	24	24	0	0
IS	841	21	21	0	0
IS	842	22	22	0	0
IS	843	26	26	0	0
IS	844	33	33	0	0
IS	845	40	40	0	0
IS	846	56	56	0	0
IS	847	31	31	0	0
IS	848	27	27	0	0
IS	849	37	37	0	0
IS	850	16	16	0	0
IS	851	22	22	0	0
IS	852	19	19	0	0
IS	853	11	11	0	0
IS	854	21	21	0	0
IS	855	12	12	0	0
IS	856	19	19	0	0
IS	857	15	15	0	0
IS	858	20	20	0	0
IS	859	23	23	0	0
IS	860	17	17	0	0
IS	861	19	19	0	0
IS	862	25	25	0	0
IS	863	23	23	0	0
IS	864	20	20	0	0
IS	865	27	27	0	0
IS	866	31	31	0	0
IS	867	27	27	0	0
IS	868	22	22	0	0
IS	869	26	26	0	0
IS	870	27	27	0	0
IS	871	39	39	0	0
IS	872	39	39	0	0
IS	873	29	29	0	0
IS	874	47	47	0	0
IS	875	23	23	0	0
IS	876	57	57	0	0
IS	877	43	43	0	0
IS	878	60	60	0	0
IS	879	50	50	0	0
IS	880	36	36	0	0
IS	881	59	59	0	0
IS	882	50	50	0	0
IS	883	31	31	0	0
IS	884	58	58	0	0
IS	885	62	62	0	0
IS	886	64	64	0	0
IS	887	50	50	0	0
IS	888	61	61	0	0
IS	889	70	70	0	0
IS	890	67	67	0	0
IS	891	112	112	0	0
IS	892	113	113	0	0
IS	893	113	113	0	0
IS	894	114	114	0	0
IS	895	85	85	0	0
IS	896	97	97	0	0
IS	897	74	74	0	0
IS	898	138	138	0	0
IS	899	114	114	0	0
IS	900	85	85	0	0
IS	901	108	108	0	0
IS	902	95	95	0	0
IS	903	98	98	0	0
IS	904	90	90	0	0
IS	905	132	132	0	0
IS	906	109	109	0	0
IS	907	80	80	0	0
IS	908	111	111	0	0
IS	909	93	93	0	0
IS	910	116	116	0	0
IS	911	123	123	0	0
IS	912	133	133	0	0
IS	913	115	115	0	0
IS	914	97	97	0	0
IS	915	197	197	0	0
IS	916	116	116	0	0
IS	917	128	128	0	0
IS	918	98	98	0	0
IS	919	122	122	0	0
IS	920	101	101	0	0
IS	921	141	141	0	0
IS	922	105	105	0	0
IS	923	82	82	0	0
IS	924	115	115	0	0
IS	925	122	122	0	0
IS	926	139	139	0	0
IS	927	150	150	0	0
IS	928	111	111	0	0
IS	929	112	112	0	0
IS	930	73	73	0	0
IS	931	112	112	0	0
IS	932	115	115	0	0
IS	933	150	150	0	0
IS	934	113	113	0	0
IS	935	90	90	0	0
IS	936	167	167	0	0
IS	937	170	170	0	0
IS	938	106	106	0	0
IS	939	92	92	0	0
IS	940	80	80	0	0
IS	941	83	83	0	0
IS	942	82	82	0	0
IS	943	74	74	0	0
IS	944	66	66	0	0
IS	945	65	65	0	0
IS	946	77	77	0	0
IS	947	95	95	0	0
IS	948	157	157	0	0
IS	949	109	109	0	0
IS	950	84	84	0	0
IS	951	68	68	0	0
IS	952	102	102	0	0
IS	953	63	63	0	0
IS	954	72	72	0	0
IS	955	78	78	0	0
IS	956	96	96	0	0
IS	957	70	70	0	0
IS	958	75	75	0	0
IS	959	90	90	0	0
IS	960	77	77	0	0
IS	961	58	58	0	0
IS	962	55	55	0	0
IS	963	50	50	0	0
IS	964	43	43	0	0
IS	965	49	49	0	0
IS	966	51	51	0	0
IS	967	65	65	0	0
IS	968	33	33	0	0
IS	969	37	37	0	0
IS	970	45	45	0	0
IS	971	26	26	0	0
IS	972	36	36	0	0
IS	973	38	38	0	0
IS	974	26	26	0	0
IS	975	79	79	0	0
IS	976	32	32	0	0
IS	977	32	32	0	0
IS	978	33	33	0	0
IS	979	30	30	0	0
IS	980	37	37	0	0
IS	981	36	36	0	0
IS	982	26	26	0	0
IS	983	25	25	0	0
IS	984	47	47	0	0
IS	985	31	31	0	0
IS	986	31	31	0	0
IS	987	23	23	0	0
IS	988	35	35	0	0
IS	989	25	25	0	0
IS	990	24	24	0	0
IS	991	19	19	0	0
IS	992	25	25	0	0
IS	993	18	18	0	0
IS	994	23	23	0	0
IS	995	34	34	0	0
IS	996	21	21	0	0
IS	997	30	30	0	0
IS	998	18	18	0	0
IS	999	21	21	0	0
IS	1000	16	16	0	0
IS	1001	22	22	0	0
IS	1002	28	28	0	0
IS	1003	30	30	0	0
IS	1004	31	31	0	0
IS	1005	16	16	0	0
IS	1006	14	14	0	0
IS	1007	12	12	0	0
IS	1008	22	22	0	0
IS	1009	22	22	0	0
IS	1010	16	16	0	0
IS	1011	23	23	0	0
IS	1012	17	17	0	0
IS	1013	22	22	0	0
IS	1014	34	34	0	0
IS	1015	20	20	0	0
IS	1016	11	11	0	0
IS	1017	17	17	0	0
IS	1018	14	14	0	0
IS	1019	31	31	0	0
IS	1020	23	23	0	0
IS	1021	16	16	0	0
IS	1022	24	24	0	0
IS	1023	21	21	0	0
IS	1024	16	16	0	0
IS	1025	18	18	0	0
IS	1026	20	20	0	0
IS	1027	16	16	0	0
IS	1028	12	12	0	0
IS	1029	24	24	0	0
IS	1030	24	24	0	0
IS	1031	38	38	0	0
IS	1032	23	23	0	0
IS	1033	19	19	0	0
IS	1034	10	10	0	0
IS	1035	18	18	0	0
IS	1036	18	18	0	0
IS	1037	26	26	0	0
IS	1038	13	13	0	0
IS	1039	16	16	0	0
IS	1040	10	10	0	0
IS	1041	16	16	0	0
IS	1042	15	15	0	0
IS	1043	23	23	0	0
IS	1044	19	19	0	0
IS	1045	17	17	0	0
IS	1046	22	22	0	0
IS	1047	17	17	0	0
IS	1048	20	20	0	0
IS	1049	11	11	0	0
IS	1050	12	12	0	0
IS	1051	21	21	0	0
IS	1052	20	20	0	0
IS	1053	27	27	0	0
IS	1054	20	20	0	0
IS	1055	56	56	0	0
IS	1056	35	35	0	0
IS	1057	82	82	0	0
IS	1058	37	37	0	0
IS	1059	36	36	0	0
IS	1060	39	39	0	0
IS	1061	46	46	0	0
IS	1062	85	85	0	0
IS	1063	54	54	0	0
IS	1064	45	45	0	0
IS	1065	38	38	0	0
IS	1066	46	46	0	0
IS	1067	28	28	0	0
IS	1068	31	31	0	0
IS	1069	27	27	0	0
IS	1070	21	21	0	0
IS	1071	21	21	0	0
IS	1072	23	23	0	0
IS	1073	42	42	0	0
IS	1074	21	21	0	0
IS	1075	27	27	0	0
IS	1076	19	19	0	0
IS	1077	32	32	0	0
IS	1078	19	19	0	0
IS	1079	23	23	0	0
IS	1080	54	54	0	0
IS	1081	21	21	0	0
IS	1082	26	26	0	0
IS	1083	21	21	0	0
IS	1084	22	22	0	0
IS	1085	32	32	0	0
IS	1086	20	20	0	0
IS	1087	25	25	0	0
IS	1088	30	30	0	0
IS	1089	21	21	0	0
IS	1090	23	23	0	0
IS	1091	34	34	0	0
IS	1092	18	18	0	0
IS	1093	45	45	0	0
IS	1094	29	29	0	0
IS	1095	42	42	0	0
IS	1096	40	40	0	0
IS	1097	20	20	0	0
IS	1098	34	34	0	0
IS	1099	32	32	0	0
IS	1100	32	32	0	0
IS	1101	23	23	0	0
IS	1102	22	22	0	0
IS	1103	33	33	0	0
IS	1104	44	44	0	0
IS	1105	43	43	0	0
IS	1106	45	45	0	0
IS	1107	26	26	0	0
IS	1108	30	30	0	0
IS	1109	49	49	0	0
IS	1110	33	33	0	0
IS	1111	37	37	0	0
IS	1112	21	21	0	0
IS	1113	32	32	0	0
IS	1114	76	76	0	0
IS	1115	56	56	0	0
IS	1116	46	46	0	0
IS	1117	48	48	0	0
IS	1118	64	64	0	0
IS	1119	39	39	0	0
IS	1120	33	33	0	0
IS	1121	39	39	0	0
IS	1122	36	36	0	0
IS	1123	29	29	0	0
IS	1124	34	34	0	0
IS	1125	30	30	0	0
IS	1126	49	49	0	0
IS	1127	51	51	0	0
IS	1128	36	36	0	0
IS	1129	26	26	0	0
IS	1130	33	33	0	0
IS	1131	29	29	0	0
IS	1132	35	35	0	0
IS	1133	40	40	0	0
IS	1134	26	26	0	0
IS	1135	29	29	0	0
IS	1136	29	29	0	0
IS	1137	42	42	0	0
IS	1138	25	25	0	0
IS	1139	47	47	0	0
IS	1140	33	33	0	0
IS	1141	33	33	0	0
IS	1142	27	27	0	0
IS	1143	27	27	0	0
IS	1144	50	50	0	0
IS	1145	37	37	0	0
IS	1146	78	78	0	0
IS	1147	45	45	0	0
IS	1148	36	36	0	0
IS	1149	45	45	0	0
IS	1150	21	21	0	0
IS	1151	11	11	0	0
IS	1152	36	36	0	0
IS	1153	26	26	0	0
IS	1154	36	36	0	0
IS	1155	19	18	1	0
IS	1156	25	25	0	0
IS	1157	15	15	0	0
IS	1158	14	14	0	0
IS	1159	25	25	0	0
IS	1160	12	12	0	0
IS	1161	20	20	0	0
IS	1162	17	17	0	0
IS	1163	13	13	0	0
IS	1164	15	15	0	0
IS	1165	10	10	0	0
IS	1166	14	14	0	0
IS	1167	16	16	0	0
IS	1168	12	12	0	0
IS	1169	20	20	0	0
IS	1170	10	10	0	0
IS	1171	15	15	0	0
IS	1172	19	19	0	0
IS	1173	14	14	0	0
IS	1174	12	12	0	0
IS	1175	10	10	0	0
IS	1176	19	19	0	0
IS	1177	10	10	0	0
IS	1178	7	7	0	0
IS	1179	100	100	0	0
IS	1180	21	21	0	0
IS	1181	13	13	0	0
IS	1182	8	8	0	0
IS	1183	16	16	0	0
IS	1184	13	13	0	0
IS	1185	7	7	0	0
IS	1186	2	2	0	0
IS	1187	10	10	0	0
IS	1188	3	3	0	0
IS	1189	7	7	0	0
IS	1190	3	3	0	0
IS	1191	8	8	0	0
IS	1192	3	3	0	0
IS	1193	4	4	0	0
IS	1194	13	13	0	0
IS	1195	4	4	0	0
IS	1196	9	9	0	0
IS	1197	5	5	0	0
IS	1198	3	3	0	0
IS	1199	1	1	0	0
IS	1200	3	3	0	0
IS	1201	1	1	0	0
IS	1202	3	3	0	0
IS	1203	8	8	0	0
IS	1204	6	6	0	0
IS	1205	2	2	0	0
IS	1206	3	3	0	0
IS	1207	6	6	0	0
IS	1208	7	7	0	0
IS	1209	5	5	0	0
IS	1210	4	4	0	0
IS	1211	2	2	0	0
IS	1212	2	2	0	0
IS	1213	3	3	0	0
IS	1214	0	0	0	0
IS	1215	1	1	0	0
IS	1216	2	2	0	0
IS	1217	0	0	0	0
IS	1218	0	0	0	0
IS	1219	2	2	0	0
IS	1220	1	1	0	0
IS	1221	2	2	0	0
IS	1222	6	6	0	0
IS	1223	2	2	0	0
IS	1224	1	1	0	0
IS	1225	2	2	0	0
IS	1226	1	1	0	0
IS	1227	3	3	0	0
IS	1228	2	2	0	0
IS	1229	2	2	0	0
IS	1230	2	2	0	0
IS	1231	1	1	0	0
IS	1232	0	0	0	0
IS	1233	1	1	0	0
IS	1234	0	0	0	0
IS	1235	1	1	0	0
IS	1236	2	2	0	0
IS	1237	1	1	0	0
IS	1238	2	2	0	0
IS	1239	1	1	0	0
IS	1240	2	2	0	0
IS	1241	2	2	0	0
IS	1242	0	0	0	0
IS	1243	2	2	0	0
IS	1244	1	1	0	0
IS	1245	0	0	0	0
IS	1246	2	2	0	0
IS	1247	0	0	0	0
IS	1248	0	0	0	0
IS	1249	1	1	0	0
IS	1250	2	2	0	0
IS	1251	2	2	0	0
IS	1252	4	4	0	0
IS	1253	0	0	0	0
IS	1254	2	2	0	0
IS	1255	1	1	0	0
IS	1256	3	3	0	0
IS	1257	0	0	0	0
IS	1258	1	1	0	0
IS	1259	3	3	0	0
IS	1260	2	2	0	0
IS	1261	1	1	0	0
IS	1262	4	4	0	0
IS	1263	0	0	0	0
IS	1264	1	1	0	0
IS	1265	3	3	0	0
IS	1266	2	2	0	0
IS	1267	2	2	0	0
IS	1268	1	1	0	0
IS	1269	2	2	0	0
IS	1270	0	0	0	0
IS	1271	1	1	0	0
IS	1272	2	2	0	0
IS	1273	0	0	0	0
IS	1274	0	0	0	0
IS	1275	2	2	0	0
IS	1276	1	1	0	0
IS	1277	2	2	0	0
IS	1278	0	0	0	0
IS	1279	6	6	0	0
IS	1280	2	2	0	0
IS	1281	0	0	0	0
IS	1282	1	1	0	0
IS	1283	2	2	0	0
IS	1284	3	3	0	0
IS	1285	5	4	1	0
IS	1286	2	2	0	0
IS	1287	1	1	0	0
IS	1288	2	2	0	0
IS	1289	1	1	0	0
IS	1290	1	1	0	0
IS	1291	0	0	0	0
IS	1292	0	0	0	0
IS	1293	1	1	0	0
IS	1294	1	1	0	0
IS	1295	3	3	0	0
IS	1296	0	0	0	0
IS	1297	1	1	0	0
IS	1298	2	2	0	0
IS	1299	1	1	0	0
IS	1300	2	2	0	0
IS	1301	2	2	0	0
IS	1302	1	1	0	0
IS	1303	1	1	0	0
IS	1304	0	0	0	0
IS	1305	2	2	0	0
IS	1306	3	3	0	0
IS	1307	0	0	0	0
IS	1308	0	0	0	0
IS	1309	0	0	0	0
IS	1310	2	2	0	0
IS	1311	0	0	0	0
IS	1312	2	2	0	0
IS	1313	0	0	0	0
IS	1314	1	1	0	0
IS	1315	1	1	0	0
IS	1316	0	0	0	0
IS	1317	0	0	0	0
IS	1318	1	1	0	0
IS	1319	2	2	0	0
IS	1320	1	1	0	0
IS	1321	1	1	0	0
IS	1322	1	1	0	0
IS	1323	3	3	0	0
IS	1324	0	0	0	0
IS	1325	1	1	0	0
IS	1326	0	0	0	0
IS	1327	0	0	0	0
IS	1328	2	2	0	0
IS	1329	0	0	0	0
IS	1330	2	2	0	0
IS	1331	0	0	0	0
IS	1332	0	0	0	0
IS	1333	0	0	0	0
IS	1334	1	1	0	0
IS	1335	2	2	0	0
IS	1336	2	2	0	0
IS	1337	1	1	0	0
IS	1338	0	0	0	0
IS	1339	0	0	0	0
IS	1340	1	1	0	0
IS	1341	0	0	0	0
IS	1342	1	1	0	0
IS	1343	0	0	0	0
IS	1344	5	5	0	0
IS	1345	2	2	0	0
IS	1346	0	0	0	0
IS	1347	1	1	0	0
IS	1348	0	0	0	0
IS	1349	0	0	0	0
IS	1350	0	0	0	0
IS	1351	0	0	0	0
IS	1352	0	0	0	0
IS	1353	0	0	0	0
IS	1354	0	0	0	0
IS	1355	1	1	0	0
IS	1356	0	0	0	0
IS	1357	0	0	0	0
IS	1358	0	0	0	0
IS	1359	0	0	0	0
IS	1360	0	0	0	0
IS	1361	1	1	0	0
IS	1362	0	0	0	0
IS	1363	0	0	0	0
IS	1364	0	0	0	0
IS	1365	2	2	0	0
IS	1366	0	0	0	0
IS	1367	1	1	0	0
IS	1368	1	1	0	0
IS	1369	0	0	0	0
IS	1370	0	0	0	0
IS	1371	1	1	0	0
IS	1372	1	1	0	0
IS	1373	1	1	0	0
IS	1374	1	1	0	0
IS	1375	2	2	0	0
IS	1376	2	2	0	0
IS	1377	0	0	0	0
IS	1378	0	0	0	0
IS	1379	0	0	0	0
IS	1380	1	1	0	0
IS	1381	1	1	0	0
IS	1382	1	1	0	0
IS	1383	0	0	0	0
IS	1384	1	1	0	0
IS	1385	0	0	0	0
IS	1386	0	0	0	0
IS	1387	1	1	0	0
IS	1388	1	1	0	0
IS	1389	1	1	0	0
IS	1390	0	0	0	0
IS	1391	2	2	0	0
IS	1392	2	2	0	0
IS	1393	0	0	0	0
IS	1394	0	0	0	0
IS	1395	3	3	0	0
IS	1396	1	1	0	0
IS	1397	1	1	0	0
IS	1398	1	1	0	0
IS	1399	0	0	0	0
IS	1400	0	0	0	0
IS	1401	0	0	0	0
IS	1402	0	0	0	0
IS	1403	0	0	0	0
IS	1404	1	1	0	0
IS	1405	0	0	0	0
IS	1406	2	2	0	0
IS	1407	0	0	0	0
IS	1408	1	1	0	0
IS	1409	1	1	0	0
IS	1410	0	0	0	0
IS	1411	0	0	0	0
IS	1412	1	1	0	0
IS	1413	2	2	0	0
IS	1414	1	1	0	0
IS	1415	1	1	0	0
IS	1416	2	2	0	0
IS	1417	0	0	0	0
IS	1418	0	0	0	0
IS	1419	0	0	0	0
IS	1420	1	1	0	0
IS	1421	1	1	0	0
IS	1422	0	0	0	0
IS	1423	4	4	0	0
IS	1424	1	1	0	0
IS	1425	0	0	0	0
IS	1426	0	0	0	0
IS	1427	0	0	0	0
IS	1428	0	0	0	0
IS	1429	0	0	0	0
IS	1430	2	2	0	0
IS	1431	0	0	0	0
IS	1432	0	0	0	0
IS	1433	1	1	0	0
IS	1434	1	1	0	0
IS	1435	0	0	0	0
IS	1436	0	0	0	0
IS	1437	0	0	0	0
IS	1438	0	0	0	0
IS	1439	2	2	0	0
IS	1440	2	2	0	0
IS	1441	3	3	0	0
IS	1442	0	0	0	0
IS	1443	2	2	0	0
IS	1444	0	0	0	0
IS	1445	1	1	0	0
IS	1446	0	0	0	0
IS	1447	1	1	0	0
IS	1448	1	1	0	0
IS	1449	0	0	0	0
IS	1450	0	0	0	0
IS	1451	1	1	0	0
IS	1452	1	1	0	0
IS	1453	0	0	0	0
IS	1454	0	0	0	0
IS	1455	1	1	0	0
IS	1456	0	0	0	0
IS	1457	0	0	0	0
IS	1458	0	0	0	0
IS	1459	1	1	0	0
IS	1460	3	3	0	0
IS	1461	0	0	0	0
IS	1462	1	1	0	0
IS	1463	0	0	0	0
IS	1464	1	1	0	0
IS	1465	0	0	0	0
IS	1466	0	0	0	0
IS	1467	0	0	0	0
IS	1468	0	0	0	0
IS	1469	2	2	0	0
IS	1470	0	0	0	0
IS	1471	0	0	0	0
IS	1472	0	0	0	0
IS	1473	1	1	0	0
IS	1474	0	0	0	0
IS	1475	0	0	0	0
IS	1476	0	0	0	0
IS	1477	0	0	0	0
IS	1478	1	1	0	0
IS	1479	1	1	0	0
IS	1480	1	1	0	0
IS	1481	1	1	0	0
IS	1482	0	0	0	0
IS	1483	0	0	0	0
IS	1484	0	0	0	0
IS	1485	1	1	0	0
IS	1486	0	0	0	0
IS	1487	0	0	0	0
IS	1488	2	2	0	0
IS	1489	1	1	0	0
IS	1490	2	2	0	0
IS	1491	1	1	0	0
IS	1492	0	0	0	0
IS	1493	0	0	0	0
IS	1494	0	0	0	0
IS	1495	1	1	0	0
IS	1496	0	0	0	0
IS	1497	1	1	0	0
IS	1498	0	0	0	0
IS	1499	0	0	0	0
IS	1500	1	1	0	0
IS	1501	0	0	0	0
IS	1502	0	0	0	0
IS	1503	1	1	0	0
IS	1504	0	0	0	0
IS	1505	1	1	0	0
IS	1506	0	0	0	0
IS	1507	2	2	0	0
IS	1508	0	0	0	0
IS	1509	0	0	0	0
IS	1510	1	1	0	0
IS	1511	0	0	0	0
IS	1512	1	1	0	0
IS	1513	0	0	0	0
IS	1514	0	0	0	0
IS	1515	2	2	0	0
IS	1516	0	0	0	0
IS	1517	1	1	0	0
IS	1518	1	1	0	0
IS	1519	0	0	0	0
IS	1520	0	0	0	0
IS	1521	1	1	0	0
IS	1522	1	1	0	0
IS	1523	2	2	0	0
IS	1524	0	0	0	0
IS	1525	0	0	0	0
IS	1526	0	0	0	0
IS	1527	1	1	0	0
IS	1528	0	0	0	0
IS	1529	0	0	0	0
IS	1530	0	0	0	0
IS	1531	1	1	0	0
IS	1532	0	0	0	0
IS	1533	0	0	0	0
IS	1534	0	0	0	0
IS	1535	0	0	0	0
IS	1536	1	1	0	0
IS	1537	0	0	0	0
IS	1538	0	0	0	0
IS	1539	0	0	0	0
IS	1540	1	1	0	0
IS	1541	0	0	0	0
IS	1542	1	1	0	0
IS	1543	0	0	0	0
IS	1544	0	0	0	0
IS	1545	0	0	0	0
IS	1546	1	1	0	0
IS	1547	4	4	0	0
IS	1548	0	0	0	0
IS	1549	1	1	0	0
IS	1550	1	1	0	0
IS	1551	1	1	0	0
IS	1552	1	1	0	0
IS	1553	1	1	0	0
IS	1554	0	0	0	0
IS	1555	0	0	0	0
IS	1556	0	0	0	0
IS	1557	0	0	0	0
IS	1558	0	0	0	0
IS	1559	0	0	0	0
IS	1560	0	0	0	0
IS	1561	2	2	0	0
IS	1562	1	1	0	0
IS	1563	0	0	0	0
IS	1564	0	0	0	0
IS	1565	0	0	0	0
IS	1566	0	0	0	0
IS	1567	1	1	0	0
IS	1568	0	0	0	0
IS	1569	1	1	0	0
IS	1570	0	0	0	0
IS	1571	1	1	0	0
IS	1572	0	0	0	0
IS	1573	0	0	0	0
IS	1574	0	0	0	0
IS	1575	0	0	0	0
IS	1576	0	0	0	0
IS	1577	0	0	0	0
IS	1578	3	3	0	0
IS	1579	0	0	0	0
IS	1580	2	2	0	0
IS	1581	0	0	0	0
IS	1582	0	0	0	0
IS	1583	1	1	0	0
IS	1584	0	0	0	0
IS	1585	0	0	0	0
IS	1586	2	2	0	0
IS	1587	1	1	0	0
IS	1588	1	1	0	0
IS	1589	3	3	0	0
IS	1590	0	0	0	0
IS	1591	1	1	0	0
IS	1592	0	0	0	0
IS	1593	0	0	0	0
IS	1594	0	0	0	0
IS	1595	1	1	0	0
IS	1596	0	0	0	0
IS	1597	0	0	0	0
IS	1598	0	0	0	0
IS	1599	0	0	0	0
IS	1600	2	2	0	0
IS	1601	2	2	0	0
IS	1602	0	0	0	0
IS	1603	0	0	0	0
IS	1604	0	0	0	0
IS	1605	1	1	0	0
IS	1606	0	0	0	0
IS	1607	0	0	0	0
IS	1608	0	0	0	0
IS	1609	0	0	0	0
IS	1610	1	1	0	0
IS	1611	1	1	0	0
IS	1612	0	0	0	0
IS	1613	0	0	0	0
IS	1614	0	0	0	0
IS	1615	1	1	0	0
IS	1616	2	2	0	0
IS	1617	3	3	0	0
IS	1618	0	0	0	0
IS	1619	2	2	0	0
IS	1620	1	1	0	0
IS	1621	1	1	0	0
IS	1622	2	2	0	0
IS	1623	0	0	0	0
IS	1624	1	1	0	0
IS	1625	0	0	0	0
IS	1626	0	0	0	0
IS	1627	0	0	0	0
IS	1628	1	1	0	0
IS	1629	2	2	0	0
IS	1630	1	1	0	0
IS	1631	1	1	0	0
IS	1632	0	0	0	0
IS	1633	2	2	0	0
IS	1634	1	1	0	0
IS	1635	2	2	0	0
IS	1636	2	2	0	0
IS	1637	0	0	0	0
IS	1638	3	3	0	0
IS	1639	0	0	0	0
IS	1640	0	0	0	0
IS	1641	2	2	0	0
IS	1642	0	0	0	0
IS	1643	1	1	0	0
IS	1644	1	1	0	0
IS	1645	0	0	0	0
IS	1646	1	1	0	0
IS	1647	1	1	0	0
IS	1648	4	4	0	0
IS	1649	1	1	0	0
IS	1650	1	1	0	0
IS	1651	0	0	0	0
IS	1652	1	1	0	0
IS	1653	1	1	0	0
IS	1654	3	3	0	0
IS	1655	0	0	0	0
IS	1656	0	0	0	0
IS	1657	0	0	0	0
IS	1658	0	0	0	0
IS	1659	2	2	0	0
IS	1660	0	0	0	0
IS	1661	0	0	0	0
IS	1662	1	1	0	0
IS	1663	2	2	0	0
IS	1664	1	1	0	0
IS	1665	1	1	0	0
IS	1666	1	1	0	0
IS	1667	1	1	0	0
IS	1668	0	0	0	0
IS	1669	1	1	0	0
IS	1670	0	0	0	0
IS	1671	1	1	0	0
IS	1672	2	2	0	0
IS	1673	1	1	0	0
IS	1674	1	1	0	0
IS	1675	0	0	0	0
IS	1676	0	0	0	0
IS	1677	0	0	0	0
IS	1678	0	0	0	0
IS	1679	0	0	0	0
IS	1680	0	0	0	0
IS	1681	0	0	0	0
IS	1682	2	2	0	0
IS	1683	0	0	0	0
IS	1684	2	2	0	0
IS	1685	0	0	0	0
IS	1686	0	0	0	0
IS	1687	4	4	0	0
IS	1688	0	0	0	0
IS	1689	4	4	0	0
IS	1690	1	1	0	0
IS	1691	0	0	0	0
IS	1692	2	2	0	0
IS	1693	3	3	0	0
IS	1694	1	1	0	0
IS	1695	1	1	0	0
IS	1696	1	1	0	0
IS	1697	1	1	0	0
IS	1698	3	3	0	0
IS	1699	2	2	0	0
IS	1700	1	1	0	0
IS	1701	0	0	0	0
IS	1702	2	2	0	0
IS	1703	0	0	0	0
IS	1704	0	0	0	0
IS	1705	0	0	0	0
IS	1706	3	3	0	0
IS	1707	2	2	0	0
IS	1708	1	1	0	0
IS	1709	0	0	0	0
IS	1710	1	1	0	0
IS	1711	0	0	0	0
IS	1712	0	0	0	0
IS	1713	2	2	0	0
IS	1714	3	3	0	0
IS	1715	2	2	0	0
IS	1716	0	0	0	0
IS	1717	1	1	0	0
IS	1718	1	1	0	0
IS	1719	3	3	0	0
IS	1720	1	1	0	0
IS	1721	0	0	0	0
IS	1722	0	0	0	0
IS	1723	2	2	0	0
IS	1724	1	1	0	0
IS	1725	2	2	0	0
IS	1726	0	0	0	0
IS	1727	2	2	0	0
IS	1728	0	0	0	0
IS	1729	0	0	0	0
IS	1730	1	1	0	0
IS	1731	0	0	0	0
IS	1732	0	0	0	0
IS	1733	3	3	0	0
IS	1734	1	1	0	0
IS	1735	3	3	0	0
IS	1736	0	0	0	0
IS	1737	0	0	0	0
IS	1738	0	0	0	0
IS	1739	0	0	0	0
IS	1740	1	1	0	0
IS	1741	1	1	0	0
IS	1742	2	2	0	0
IS	1743	3	3	0	0
IS	1744	1	1	0	0
IS	1745	1	1	0	0
IS	1746	2	2	0	0
IS	1747	3	3	0	0
IS	1748	2	2	0	0
IS	1749	2	2	0	0
IS	1750	1	1	0	0
IS	1751	1	1	0	0
IS	1752	1	1	0	0
IS	1753	2	2	0	0
IS	1754	4	4	0	0
IS	1755	1	1	0	0
IS	1756	1	1	0	0
IS	1757	0	0	0	0
IS	1758	0	0	0	0
IS	1759	1	1	0	0
IS	1760	0	0	0	0
IS	1761	0	0	0	0
IS	1762	2	2	0	0
IS	1763	0	0	0	0
IS	1764	1	1	0	0
IS	1765	1	1	0	0
IS	1766	1	1	0	0
IS	1767	0	0	0	0
IS	1768	0	0	0	0
IS	1769	0	0	0	0
IS	1770	2	2	0	0
IS	1771	0	0	0	0
IS	1772	1	1	0	0
IS	1773	0	0	0	0
IS	1774	0	0	0	0
IS	1775	4	4	0	0
IS	1776	1	1	0	0
IS	1777	1	1	0	0
IS	1778	0	0	0	0
IS	1779	0	0	0	0
IS	1780	1	1	0	0
IS	1781	1	1	0	0
IS	1782	2	2	0	0
IS	1783	1	1	0	0
IS	1784	1	1	0	0
IS	1785	0	0	0	0
IS	1786	3	3	0	0
IS	1787	1	1	0	0
IS	1788	1	1	0	0
IS	1789	1	1	0	0
IS	1790	0	0	0	0
IS	1791	1	1	0	0
IS	1792	0	0	0	0
IS	1793	4	4	0	0
IS	1794	1	1	0	0
IS	1795	3	3	0	0
IS	1796	3	3	0	0
IS	1797	4	4	0	0
IS	1798	4	4	0	0
IS	1799	4	4	0	0
IS	1800	2	2	0	0
IS	1801	4	4	0	0
IS	1802	4	4	0	0
IS	1803	1	1	0	0
IS	1804	1	1	0	0
IS	1805	7	7	0	0
IS	1806	1	1	0	0
IS	1807	6	6	0	0
IS	1808	4	4	0	0
IS	1809	6	6	0	0
IS	1810	5	5	0	0
IS	1811	4	4	0	0
IS	1812	4	4	0	0
IS	1813	2	2	0	0
IS	1814	2	2	0	0
IS	1815	2	2	0	0
IS	1816	1	1	0	0
IS	1817	9	9	0	0
IS	1818	4	4	0	0
IS	1819	1	1	0	0
IS	1820	3	3	0	0
IS	1821	8	8	0	0
IS	1822	3	3	0	0
IS	1823	6	6	0	0
IS	1824	11	11	0	0
IS	1825	10	10	0	0
IS	1826	10	10	0	0
IS	1827	8	8	0	0
IS	1828	5	5	0	0
IS	1829	8	8	0	0
IS	1830	7	7	0	0
IS	1831	12	12	0	0
IS	1832	4	4	0	0
IS	1833	13	13	0	0
IS	1834	6	6	0	0
IS	1835	4	4	0	0
IS	1836	23	23	0	0
IS	1837	11	11	0	0
IS	1838	9	9	0	0
IS	1839	6	6	0	0
IS	1840	7	7	0	0
IS	1841	4	4	0	0
IS	1842	5	5	0	0
IS	1843	1	1	0	0
IS	1844	6	6	0	0
IS	1845	4	4	0	0
IS	1846	5	5	0	0
IS	1847	4	4	0	0
IS	1848	5	5	0	0
IS	1849	1	1	0	0
IS	1850	2	2	0	0
IS	1851	5	5	0	0
IS	1852	9	9	0	0
IS	1853	4	4	0	0
IS	1854	4	4	0	0
IS	1855	1	1	0	0
IS	1856	16	16	0	0
IS	1857	5	5	0	0
IS	1858	8	8	0	0
IS	1859	3	3	0	0
IS	1860	10	10	0	0
IS	1861	14	14	0	0
IS	1862	2	2	0	0
IS	1863	6	6	0	0
IS	1864	5	5	0	0
IS	1865	5	5	0	0
IS	1866	3	3	0	0
IS	1867	8	8	0	0
IS	1868	10	10	0	0
IS	1869	7	7	0	0
IS	1870	6	6	0	0
IS	1871	2	2	0	0
IS	1872	2	2	0	0
IS	1873	3	3	0	0
IS	1874	4	4	0	0
IS	1875	5	5	0	0
IS	1876	5	5	0	0
IS	1877	1	1	0	0
IS	1878	3	3	0	0
IS	1879	1	1	0	0
IS	1880	5	5	0	0
IS	1881	1	1	0	0
IS	1882	3	3	0	0
IS	1883	2	2	0	0
IS	1884	2	2	0	0
IS	1885	6	6	0	0
IS	1886	6	6	0	0
IS	1887	0	0	0	0
IS	1888	6	6	0	0
IS	1889	2	2	0	0
IS	1890	6	6	0	0
IS	1891	3	3	0	0
IS	1892	4	4	0	0
IS	1893	4	4	0	0
IS	1894	3	3	0	0
IS	1895	5	5	0	0
IS	1896	3	3	0	0
IS	1897	2	2	0	0
IS	1898	5	5	0	0
IS	1899	4	4	0	0
IS	1900	8	8	0	0
IS	1901	5	5	0	0
IS	1902	4	4	0	0
IS	1903	9	9	0	0
IS	1904	8	8	0	0
IS	1905	10	10	0	0
IS	1906	2	2	0	0
IS	1907	9	9	0	0
IS	1908	2	2	0	0
IS	1909	2	2	0	0
IS	1910	7	7	0	0
IS	1911	9	9	0	0
IS	1912	1	1	0	0
IS	1913	4	4	0	0
IS	1914	5	5	0	0
IS	1915	6	6	0	0
IS	1916	3	3	0	0
IS	1917	2	2	0	0
IS	1918	3	3	0	0
IS	1919	1	1	0	0
IS	1920	4	4	0	0
IS	1921	4	4	0	0
IS	1922	4	4	0	0
IS	1923	2	2	0	0
IS	1924	3	3	0	0
IS	1925	1	1	0	0
IS	1926	4	4	0	0
IS	1927	4	4	0	0
IS	1928	2	2	0	0
IS	1929	3	3	0	0
IS	1930	4	4	0	0
IS	1931	0	0	0	0
IS	1932	7	7	0	0
IS	1933	5	5	0	0
IS	1934	3	3	0	0
IS	1935	2	2	0	0
IS	1936	2	2	0	0
IS	1937	1	1	0	0
IS	1938	4	4	0	0
IS	1939	0	0	0	0
IS	1940	2	2	0	0
IS	1941	2	2	0	0
IS	1942	2	2	0	0
IS	1943	6	6	0	0
IS	1944	6	6	0	0
IS	1945	3	3	0	0
IS	1946	2	2	0	0
IS	1947	6	6	0	0
IS	1948	7	7	0	0
IS	1949	1	1	0	0
IS	1950	0	0	0	0
IS	1951	1	1	0	0
IS	1952	0	0	0	0
IS	1953	3	3	0	0
IS	1954	4	4	0	0
IS	1955	0	0	0	0
IS	1956	0	0	0	0
IS	1957	1	1	0	0
IS	1958	1	1	0	0
IS	1959	1	1	0	0
IS	1960	0	0	0	0
IS	1961	0	0	0	0
IS	1962	0	0	0	0
IS	1963	0	0	0	0
IS	1964	0	0	0	0
IS	1965	1	1	0	0
IS	1966	3	3	0	0
IS	1967	0	0	0	0
IS	1968	1	1	0	0
IS	1969	1	1	0	0
IS	1970	1	1	0	0
IS	1971	0	0	0	0
IS	1972	1	1	0	0
IS	1973	0	0	0	0
IS	1974	0	0	0	0
IS	1975	0	0	0	0
IS	1976	1	1	0	0
IS	1977	1	1	0	0
IS	1978	0	0	0	0
IS	1979	0	0	0	0
IS	1980	1	1	0	0
IS	1981	0	0	0	0
IS	1982	0	0	0	0
IS	1983	0	0	0	0
IS	1984	1	1	0	0
IS	1985	1	1	0	0
IS	1986	0	0	0	0
IS	1987	2	2	0	0
IS	1988	1	1	0	0
IS	1989	0	0	0	0
IS	1990	1	1	0	0
IS	1991	4	4	0	0
IS	1992	1	1	0	0
IS	1993	2	2	0	0
IS	1994	1	1	0	0
IS	1995	0	0	0	0
IS	1996	2	2	0	0
IS	1997	1	1	0	0
IS	1998	1	1	0	0
IS	1999	1	1	0	0
IS	2000	0	0	0	0
IS	2001	4	4	0	0
IS	2002	4	4	0	0
IS	2003	5	5	0	0
IS	2004	2	2	0	0
IS	2005	0	0	0	0
IS	2006	3	3	0	0
IS	2007	3	3	0	0
IS	2008	3	3	0	0
IS	2009	1	1	0	0
IS	2010	3	3	0	0
IS	2011	1	1	0	0
IS	2012	0	0	0	0
IS	2013	1	1	0	0
IS	2014	0	0	0	0
IS	2015	1	1	0	0
IS	2016	1	1	0	0
IS	2017	0	0	0	0
IS	2018	1	1	0	0
IS	2019	0	0	0	0
IS	2020	1	1	0	0
IS	2021	1	1	0	0
IS	2022	1	1	0	0
IS	2023	2	2	0	0
IS	2024	0	0	0	0
IS	2025	3	3	0	0
IS	2026	1	1	0	0
IS	2027	4	4	0	0
IS	2028	3	3	0	0
IS	2029	2	2	0	0
IS	2030	0	0	0	0
IS	2031	2	2	0	0
IS	2032	2	2	0	0
IS	2033	2	2	0	0
IS	2034	2	2	0	0
IS	2035	2	2	0	0
IS	2036	4	4	0	0
IS	2037	7	7	0	0
IS	2038	4	4	0	0
IS	2039	3	3	0	0
IS	2040	2	2	0	0
IS	2041	1	1	0	0
IS	2042	2	2	0	0
IS	2043	3	3	0	0
IS	2044	7	7	0	0
IS	2045	5	5	0	0
IS	2046	7	7	0	0
IS	2047	4	4	0	0
IS	2048	4	4	0	0
IS	2049	10	10	0	0
IS	2050	6	6	0	0
IS	2051	6	6	0	0
IS	2052	8	8	0	0
IS	2053	3	3	0	0
IS	2054	2	2	0	0
IS	2055	7	7	0	0
IS	2056	3	3	0	0
IS	2057	11	11	0	0
IS	2058	13	13	0	0
IS	2059	3	3	0	0
IS	2060	5	5	0	0
IS	2061	6	6	0	0
IS	2062	5	5	0	0
IS	2063	4	4	0	0
IS	2064	8	8	0	0
IS	2065	8	8	0	0
IS	2066	6	6	0	0
IS	2067	4	4	0	0
IS	2068	3	3	0	0
IS	2069	3	3	0	0
IS	2070	4	4	0	0
IS	2071	1	1	0	0
IS	2072	1	1	0	0
IS	2073	0	0	0	0
IS	2074	3	3	0	0
IS	2075	5	5	0	0
IS	2076	7	7	0	0
IS	2077	2	2	0	0
IS	2078	4	4	0	0
IS	2079	4	4	0	0
IS	2080	3	3	0	0
IS	2081	2	2	0	0
IS	2082	4	4	0	0
IS	2083	3	3	0	0
IS	2084	6	6	0	0
IS	2085	5	5	0	0
IS	2086	6	6	0	0
IS	2087	4	4	0	0
IS	2088	4	4	0	0
IS	2089	5	5	0	0
IS	2090	1	1	0	0
IS	2091	0	0	0	0
IS	2092	2	2	0	0
IS	2093	3	3	0	0
IS	2094	2	2	0	0
IS	2095	8	8	0	0
IS	2096	7	7	0	0
IS	2097	8	8	0	0
IS	2098	6	6	0	0
IS	2099	3	3	0	0
IS	2100	2	2	0	0
IS	2101	6	6	0	0
IS	2102	3	3	0	0
IS	2103	6	6	0	0
IS	2104	5	5	0	0
IS	2105	3	3	0	0
IS	2106	3	3	0	0
IS	2107	9	9	0	0
IS	2108	3	3	0	0
IS	2109	5	5	0	0
IS	2110	4	4	0	0
IS	2111	1	1	0	0
IS	2112	5	5	0	0
IS	2113	1	1	0	0
IS	2114	3	3	0	0
IS	2115	0	0	0	0
IS	2116	0	0	0	0
IS	2117	1	1	0	0
IS	2118	1	1	0	0
IS	2119	0	0	0	0
IS	2120	3	3	0	0
IS	2121	1	1	0	0
IS	2122	1	1	0	0
IS	2123	5	5	0	0
IS	2124	1	1	0	0
IS	2125	0	0	0	0
IS	2126	2	2	0	0
IS	2127	0	0	0	0
IS	2128	0	0	0	0
IS	2129	2	2	0	0
IS	2130	1	1	0	0
IS	2131	1	1	0	0
IS	2132	1	1	0	0
IS	2133	1	1	0	0
IS	2134	3	3	0	0
IS	2135	1	1	0	0
IS	2136	0	0	0	0
IS	2137	2	2	0	0
IS	2138	0	0	0	0
IS	2139	1	1	0	0
IS	2140	2	2	0	0
IS	2141	1	1	0	0
IS	2142	0	0	0	0
IS	2143	0	0	0	0
IS	2144	2	2	0	0
IS	2145	0	0	0	0
IS	2146	0	0	0	0
IS	2147	0	0	0	0
IS	2148	0	0	0	0
IS	2149	0	0	0	0
IS	2150	0	0	0	0
IS	2151	0	0	0	0
IS	2152	1	1	0	0
IS	2153	3	3	0	0
IS	2154	0	0	0	0
IS	2155	1	1	0	0
IS	2156	1	1	0	0
IS	2157	0	0	0	0
IS	2158	1	1	0	0
IS	2159	2	2	0	0
IS	2160	0	0	0	0
IS	2161	2	2	0	0
IS	2162	0	0	0	0
IS	2163	2	2	0	0
IS	2164	0	0	0	0
IS	2165	0	0	0	0
IS	2166	0	0	0	0
IS	2167	1	1	0	0
IS	2168	0	0	0	0
IS	2169	0	0	0	0
IS	2170	0	0	0	0
IS	2171	3	3	0	0
IS	2172	0	0	0	0
IS	2173	0	0	0	0
IS	2174	0	0	0	0
IS	2175	1	1	0	0
IS	2176	1	1	0	0
IS	2177	0	0	0	0
IS	2178	1	1	0	0
IS	2179	0	0	0	0
IS	2180	2	2	0	0
IS	2181	0	0	0	0
IS	2182	0	0	0	0
IS	2183	0	0	0	0
IS	2184	0	0	0	0
IS	2185	1	1	0	0
IS	2186	0	0	0	0
IS	2187	0	0	0	0
IS	2188	0	0	0	0
IS	2189	0	0	0	0
IS	2190	0	0	0	0
IS	2191	0	0	0	0
IS	2192	0	0	0	0
IS	2193	1	1	0	0
IS	2194	0	0	0	0
IS	2195	0	0	0	0
IS	2196	0	0	0	0
IS	2197	0	0	0	0
IS	2198	0	0	0	0
IS	2199	0	0	0	0
IS	2200	0	0	0	0
IS	2201	1	1	0	0
IS	2202	0	0	0	0
IS	2203	0	0	0	0
IS	2204	1	1	0	0
IS	2205	1	1	0	0
IS	2206	3	3	0	0
IS	2207	0	0	0	0
IS	2208	1	1	0	0
IS	2209	0	0	0	0
IS	2210	0	0	0	0
IS	2211	0	0	0	0
IS	2212	2	2	0	0
IS	2213	0	0	0	0
IS	2214	0	0	0	0
IS	2215	0	0	0	0
IS	2216	1	1	0	0
IS	2217	0	0	0	0
IS	2218	0	0	0	0
IS	2219	0	0	0	0
IS	2220	0	0	0	0
IS	2221	0	0	0	0
IS	2222	1	1	0	0
IS	2223	0	0	0	0
IS	2224	0	0	0	0
IS	2225	0	0	0	0
IS	2226	0	0	0	0
IS	2227	1	1	0	0
IS	2228	1	1	0	0
IS	2229	0	0	0	0
IS	2230	0	0	0	0
IS	2231	0	0	0	0
IS	2232	1	1	0	0
IS	2233	1	1	0	0
IS	2234	0	0	0	0
IS	2235	0	0	0	0
IS	2236	0	0	0	0
IS	2237	2	2	0	0
IS	2238	1	1	0	0
IS	2239	0	0	0	0
IS	2240	1	1	0	0
IS	2241	0	0	0	0
IS	2242	0	0	0	0
IS	2243	2	2	0	0
IS	2244	1	1	0	0
IS	2245	0	0	0	0
IS	2246	1	1	0	0
IS	2247	0	0	0	0
IS	2248	0	0	0	0
IS	2249	1	1	0	0
IS	2250	1	1	0	0
IS	2251	2	2	0	0
IS	2252	0	0	0	0
IS	2253	0	0	0	0
IS	2254	0	0	0	0
IS	2255	0	0	0	0
IS	2256	0	0	0	0
IS	2257	0	0	0	0
IS	2258	0	0	0	0
IS	2259	0	0	0	0
IS	2260	1	1	0	0
IS	2261	0	0	0	0
IS	2262	0	0	0	0
IS	2263	0	0	0	0
IS	2264	1	1	0	0
IS	2265	1	1	0	0
IS	2266	0	0	0	0
IS	2267	1	1	0	0
IS	2268	0	0	0	0
IS	2269	0	0	0	0
IS	2270	1	1	0	0
IS	2271	1	1	0	0
IS	2272	0	0	0	0
IS	2273	0	0	0	0
IS	2274	0	0	0	0
IS	2275	0	0	0	0
IS	2276	0	0	0	0
IS	2277	1	1	0	0
IS	2278	0	0	0	0
IS	2279	1	1	0	0
IS	2280	0	0	0	0
IS	2281	0	0	0	0
IS	2282	3	3	0	0
IS	2283	1	1	0	0
IS	2284	0	0	0	0
IS	2285	0	0	0	0
IS	2286	1	1	0	0
IS	2287	0	0	0	0
IS	2288	0	0	0	0
IS	2289	1	1	0	0
IS	2290	0	0	0	0
IS	2291	2	2	0	0
IS	2292	0	0	0	0
IS	2293	0	0	0	0
IS	2294	0	0	0	0
IS	2295	1	1	0	0
IS	2296	0	0	0	0
IS	2297	0	0	0	0
IS	2298	1	1	0	0
IS	2299	0	0	0	0
IS	2300	0	0	0	0
IS	2301	0	0	0	0
IS	2302	3	3	0	0
IS	2303	0	0	0	0
IS	2304	0	0	0	0
IS	2305	0	0	0	0
IS	2306	0	0	0	0
IS	2307	0	0	0	0
IS	2308	0	0	0	0
IS	2309	0	0	0	0
IS	2310	0	0	0	0
IS	2311	2	2	0	0
IS	2312	0	0	0	0
IS	2313	0	0	0	0
IS	2314	0	0	0	0
IS	2315	0	0	0	0
IS	2316	0	0	0	0
IS	2317	0	0	0	0
IS	2318	0	0	0	0
IS	2319	0	0	0	0
IS	2320	0	0	0	0
IS	2321	0	0	0	0
IS	2322	0	0	0	0
IS	2323	1	1	0	0
IS	2324	0	0	0	0
IS	2325	1	1	0	0
IS	2326	1	1	0	0
IS	2327	0	0	0	0
IS	2328	0	0	0	0
IS	2329	1	1	0	0
IS	2330	0	0	0	0
IS	2331	0	0	0	0
IS	2332	1	1	0	0
IS	2333	0	0	0	0
IS	2334	0	0	0	0
IS	2335	0	0	0	0
IS	2336	1	1	0	0
IS	2337	0	0	0	0
IS	2338	0	0	0	0
IS	2339	3	3	0	0
IS	2340	0	0	0	0
IS	2341	1	1	0	0
IS	2342	0	0	0	0
IS	2343	1	1	0	0
IS	2344	0	0	0	0
IS	2345	0	0	0	0
IS	2346	0	0	0	0
IS	2347	0	0	0	0
IS	2348	0	0	0	0
IS	2349	0	0	0	0
IS	2350	0	0	0	0
IS	2351	0	0	0	0
IS	2352	2	2	0	0
IS	2353	0	0	0	0
IS	2354	0	0	0	0
IS	2355	1	1	0	0
IS	2356	0	0	0	0
IS	2357	0	0	0	0
IS	2358	0	0	0	0
IS	2359	0	0	0	0
IS	2360	1	1	0	0
IS	2361	0	0	0	0
IS	2362	0	0	0	0
IS	2363	0	0	0	0
IS	2364	1	1	0	0
IS	2365	0	0	0	0
IS	2366	1	1	0	0
IS	2367	0	0	0	0
IS	2368	0	0	0	0
IS	2369	0	0	0	0
IS	2370	0	0	0	0
IS	2371	0	0	0	0
IS	2372	0	0	0	0
IS	2373	0	0	0	0
IS	2374	2	2	0	0
IS	2375	0	0	0	0
IS	2376	0	0	0	0
IS	2377	1	1	0	0
IS	2378	0	0	0	0
IS	2379	1	1	0	0
IS	2380	0	0	0	0
IS	2381	0	0	0	0
IS	2382	0	0	0	0
IS	2383	1	1	0	0
IS	2384	2	2	0	0
IS	2385	0	0	0	0
IS	2386	0	0	0	0
IS	2387	0	0	0	0
IS	2388	1	1	0	0
IS	2389	2	2	0	0
IS	2390	0	0	0	0
IS	2391	0	0	0	0
IS	2392	0	0	0	0
IS	2393	0	0	0	0
IS	2394	2	2	0	0
IS	2395	0	0	0	0
IS	2396	0	0	0	0
IS	2397	0	0	0	0
IS	2398	0	0	0	0
IS	2399	0	0	0	0
IS	2400	1	1	0	0
IS	2401	0	0	0	0
IS	2402	1	1	0	0
IS	2403	0	0	0	0
IS	2404	0	0	0	0
IS	2405	1	1	0	0
IS	2406	1	1	0	0
IS	2407	0	0	0	0
IS	2408	0	0	0	0
IS	2409	0	0	0	0
IS	2410	0	0	0	0
IS	2411	1	1	0	0
IS	2412	0	0	0	0
IS	2413	0	0	0	0
IS	2414	0	0	0	0
IS	2415	0	0	0	0
IS	2416	0	0	0	0
IS	2417	0	0	0	0
IS	2418	0	0	0	0
IS	2419	1	1	0	0
IS	2420	1	1	0	0
IS	2421	0	0	0	0
IS	2422	0	0	0	0
IS	2423	3	3	0	0
IS	2424	0	0	0	0
IS	2425	0	0	0	0
IS	2426	0	0	0	0
IS	2427	2	2	0	0
IS	2428	0	0	0	0
IS	2429	1	1	0	0
IS	2430	0	0	0	0
IS	2431	1	1	0	0
IS	2432	1	1	0	0
IS	2433	0	0	0	0
IS	2434	0	0	0	0
IS	2435	0	0	0	0
IS	2436	1	1	0	0
IS	2437	1	1	0	0
IS	2438	0	0	0	0
IS	2439	0	0	0	0
IS	2440	0	0	0	0
IS	2441	0	0	0	0
IS	2442	0	0	0	0
IS	2443	1	1	0	0
IS	2444	0	0	0	0
IS	2445	0	0	0	0
IS	2446	0	0	0	0
IS	2447	0	0	0	0
IS	2448	1	1	0	0
IS	2449	1	1	0	0
IS	2450	0	0	0	0
IS	2451	0	0	0	0
IS	2452	1	1	0	0
IS	2453	1	1	0	0
IS	2454	2	2	0	0
IS	2455	0	0	0	0
IS	2456	0	0	0	0
IS	2457	0	0	0	0
IS	2458	0	0	0	0
IS	2459	0	0	0	0
IS	2460	1	1	0	0
IS	2461	2	2	0	0
IS	2462	0	0	0	0
IS	2463	0	0	0	0
IS	2464	0	0	0	0
IS	2465	0	0	0	0
IS	2466	0	0	0	0
IS	2467	0	0	0	0
IS	2468	1	1	0	0
IS	2469	1	1	0	0
IS	2470	1	1	0	0
IS	2471	1	1	0	0
IS	2472	0	0	0	0
IS	2473	1	1	0	0
IS	2474	0	0	0	0
IS	2475	0	0	0	0
IS	2476	4	4	0	0
IS	2477	0	0	0	0
IS	2478	5	5	0	0
IS	2479	0	0	0	0
IS	2480	14	14	0	0
IS	2481	5	5	0	0
IS	2482	2	2	0	0
IS	2483	2	2	0	0
IS	2484	1	1	0	0
IS	2485	2	2	0	0
IS	2486	3	3	0	0
IS	2487	3	3	0	0
IS	2488	6	6	0	0
IS	2489	3	3	0	0
IS	2490	5	5	0	0
IS	2491	2	2	0	0
IS	2492	3	3	0	0
IS	2493	7	7	0	0
IS	2494	2	2	0	0
IS	2495	2	2	0	0
IS	2496	7	7	0	0
IS	2497	11	11	0	0
IS	2498	8	8	0	0
IS	2499	17	17	0	0
IS	2500	7	7	0	0
IS	2501	10	10	0	0
IS	2502	8	8	0	0
IS	2503	12	12	0	0
IS	2504	10	10	0	0
IS	2505	11	11	0	0
IS	2506	16	16	0	0
IS	2507	6	6	0	0
IS	2508	12	12	0	0
IS	2509	11	11	0	0
IS	2510	12	12	0	0
IS	2511	14	14	0	0
IS	2512	10	10	0	0
IS	2513	10	10	0	0
IS	2514	13	13	0	0
IS	2515	10	10	0	0
IS	2516	24	24	0	0
IS	2517	23	22	1	0
IS	2518	26	26	0	0
IS	2519	33	33	0	0
IS	2520	18	18	0	0
IS	2521	14	14	0	0
IS	2522	17	17	0	0
IS	2523	28	28	0	0
IS	2524	20	20	0	0
IS	2525	27	27	0	0
IS	2526	17	17	0	0
IS	2527	15	15	0	0
IS	2528	17	17	0	0
IS	2529	26	26	0	0
IS	2530	25	25	0	0
IS	2531	29	29	0	0
IS	2532	31	31	0	0
IS	2533	28	28	0	0
IS	2534	12	12	0	0
IS	2535	13	13	0	0
IS	2536	8	8	0	0
IS	2537	18	18	0	0
IS	2538	19	19	0	0
IS	2539	9	9	0	0
IS	2540	30	30	0	0
IS	2541	18	18	0	0
IS	2542	18	18	0	0
IS	2543	24	24	0	0
IS	2544	25	25	0	0
IS	2545	13	13	0	0
IS	2546	14	14	0	0
IS	2547	17	17	0	0
IS	2548	34	34	0	0
IS	2549	16	16	0	0
IS	2550	13	13	0	0
IS	2551	17	17	0	0
IS	2552	8	8	0	0
IS	2553	12	12	0	0
IS	2554	15	15	0	0
IS	2555	20	20	0	0
IS	2556	17	17	0	0
IS	2557	14	14	0	0
IS	2558	10	10	0	0
IS	2559	14	14	0	0
IS	2560	9	9	0	0
IS	2561	16	16	0	0
IS	2562	15	15	0	0
IS	2563	26	26	0	0
IS	2564	14	14	0	0
IS	2565	23	23	0	0
IS	2566	21	21	0	0
IS	2567	19	19	0	0
IS	2568	13	13	0	0
IS	2569	16	16	0	0
IS	2570	15	15	0	0
IS	2571	8	8	0	0
IS	2572	16	16	0	0
IS	2573	10	10	0	0
IS	2574	7	7	0	0
IS	2575	15	15	0	0
IS	2576	12	12	0	0
IS	2577	11	11	0	0
IS	2578	7	7	0	0
IS	2579	12	12	0	0
IS	2580	12	12	0	0
IS	2581	9	9	0	0
IS	2582	10	10	0	0
IS	2583	11	11	0	0
IS	2584	10	10	0	0
IS	2585	4	4	0	0
IS	2586	7	7	0	0
IS	2587	8	8	0	0
IS	2588	7	7	0	0
IS	2589	9	9	0	0
IS	2590	8	8	0	0
IS	2591	15	15	0	0
IS	2592	6	6	0	0
IS	2593	5	5	0	0
IS	2594	8	8	0	0
IS	2595	7	7	0	0
IS	2596	7	7	0	0
IS	2597	5	5	0	0
IS	2598	13	13	0	0
IS	2599	5	5	0	0
IS	2600	6	6	0	0
IS	2601	6	6	0	0
IS	2602	9	9	0	0
IS	2603	6	6	0	0
IS	2604	8	8	0	0
IS	2605	9	9	0	0
IS	2606	6	6	0	0
IS	2607	6	6	0	0
IS	2608	5	5	0	0
IS	2609	4	4	0	0
IS	2610	3	3	0	0
IS	2611	6	6	0	0
IS	2612	5	5	0	0
IS	2613	3	3	0	0
IS	2614	2	2	0	0
IS	2615	3	3	0	0
IS	2616	2	2	0	0
IS	2617	4	4	0	0
IS	2618	3	3	0	0
IS	2619	1	1	0	0
IS	2620	4	4	0	0
IS	2621	5	5	0	0
IS	2622	3	3	0	0
IS	2623	5	5	0	0
IS	2624	3	3	0	0
IS	2625	1	1	0	0
IS	2626	12	12	0	0
IS	2627	8	8	0	0
IS	2628	3	3	0	0
IS	2629	5	5	0	0
IS	2630	2	2	0	0
IS	2631	1	1	0	0
IS	2632	2	2	0	0
IS	2633	3	3	0	0
IS	2634	4	4	0	0
IS	2635	0	0	0	0
IS	2636	2	2	0	0
IS	2637	1	1	0	0
IS	2638	4	4	0	0
IS	2639	4	4	0	0
IS	2640	0	0	0	0
IS	2641	2	2	0	0
IS	2642	0	0	0	0
IS	2643	2	1	1	0
IS	2644	3	3	0	0
IS	2645	2	2	0	0
IS	2646	4	4	0	0
IS	2647	1	1	0	0
IS	2648	2	2	0	0
IS	2649	1	1	0	0
IS	2650	4	4	0	0
IS	2651	7	7	0	0
IS	2652	5	5	0	0
IS	2653	5	5	0	0
IS	2654	2	2	0	0
IS	2655	1	1	0	0
IS	2656	5	5	0	0
IS	2657	1	1	0	0
IS	2658	1	1	0	0
IS	2659	2	2	0	0
IS	2660	0	0	0	0
IS	2661	0	0	0	0
IS	2662	1	1	0	0
IS	2663	5	5	0	0
IS	2664	0	0	0	0
IS	2665	1	1	0	0
IS	2666	0	0	0	0
IS	2667	4	4	0	0
IS	2668	2	2	0	0
IS	2669	2	2	0	0
IS	2670	2	2	0	0
IS	2671	0	0	0	0
IS	2672	1	1	0	0
IS	2673	0	0	0	0
IS	2674	1	1	0	0
IS	2675	0	0	0	0
IS	2676	3	3	0	0
IS	2677	2	2	0	0
IS	2678	0	0	0	0
IS	2679	2	2	0	0
IS	2680	0	0	0	0
IS	2681	3	3	0	0
IS	2682	2	2	0	0
IS	2683	2	2	0	0
IS	2684	0	0	0	0
IS	2685	0	0	0	0
IS	2686	0	0	0	0
IS	2687	1	1	0	0
IS	2688	1	1	0	0
IS	2689	2	2	0	0
IS	2690	0	0	0	0
IS	2691	2	2	0	0
IS	2692	0	0	0	0
IS	2693	1	1	0	0
IS	2694	1	1	0	0
IS	2695	1	1	0	0
IS	2696	1	1	0	0
IS	2697	0	0	0	0
IS	2698	0	0	0	0
IS	2699	0	0	0	0
IS	2700	0	0	0	0
IS	2701	0	0	0	0
IS	2702	1	1	0	0
IS	2703	1	1	0	0
IS	2704	1	1	0	0
IS	2705	1	1	0	0
IS	2706	1	1	0	0
IS	2707	0	0	0	0
IS	2708	1	1	0	0
IS	2709	2	2	0	0
IS	2710	1	1	0	0
IS	2711	1	1	0	0
IS	2712	0	0	0	0
IS	2713	1	1	0	0
IS	2714	0	0	0	0
IS	2715	0	0	0	0
IS	2716	0	0	0	0
IS	2717	0	0	0	0
IS	2718	0	0	0	0
IS	2719	0	0	0	0
IS	2720	0	0	0	0
IS	2721	0	0	0	0
IS	2722	1	1	0	0
IS	2723	0	0	0	0
IS	2724	2	2	0	0
IS	2725	1	1	0	0
IS	2726	1	1	0	0
IS	2727	1	1	0	0
IS	2728	0	0	0	0
IS	2729	1	1	0	0
IS	2730	0	0	0	0
IS	2731	0	0	0	0
IS	2732	0	0	0	0
IS	2733	2	2	0	0
IS	2734	0	0	0	0
IS	2735	1	1	0	0
IS	2736	0	0	0	0
IS	2737	0	0	0	0
IS	2738	1	1	0	0
IS	2739	0	0	0	0
IS	2740	1	1	0	0
IS	2741	1	1	0	0
IS	2742	0	0	0	0
IS	2743	0	0	0	0
IS	2744	0	0	0	0
IS	2745	1	1	0	0
IS	2746	1	1	0	0
IS	2747	0	0	0	0
IS	2748	0	0	0	0
IS	2749	0	0	0	0
IS	2750	1	1	0	0
IS	2751	0	0	0	0
IS	2752	0	0	0	0
IS	2753	0	0	0	0
IS	2754	0	0	0	0
IS	2755	0	0	0	0
IS	2756	0	0	0	0
IS	2757	0	0	0	0
IS	2758	0	0	0	0
IS	2759	1	1	0	0
IS	2760	1	1	0	0
IS	2761	0	0	0	0
IS	2762	0	0	0	0
IS	2763	0	0	0	0
IS	2764	0	0	0	0
IS	2765	0	0	0	0
IS	2766	0	0	0	0
IS	2767	1	1	0	0
IS	2768	0	0	0	0
IS	2769	0	0	0	0
IS	2770	0	0	0	0
IS	2771	0	0	0	0
IS	2772	0	0	0	0
IS	2773	0	0	0	0
IS	2774	0	0	0	0
IS	2775	0	0	0	0
IS	2776	0	0	0	0
IS	2777	0	0	0	0
IS	2778	0	0	0	0
IS	2779	0	0	0	0
IS	2780	0	0	0	0
IS	2781	0	0	0	0
IS	2782	0	0	0	0
IS	2783	0	0	0	0
IS	2784	0	0	0	0
IS	2785	0	0	0	0
IS	2786	1	1	0	0
IS	2787	0	0	0	0
IS	2788	1	1	0	0
IS	2789	0	0	0	0
IS	2790	0	0	0	0
IS	2791	0	0	0	0
IS	2792	1	1	0	0
IS	2793	0	0	0	0
IS	2794	0	0	0	0
IS	2795	0	0	0	0
IS	2796	0	0	0	0
IS	2797	0	0	0	0
IS	2798	0	0	0	0
IS	2799	0	0	0	0
IS	2800	1	1	0	0
IS	2801	0	0	0	0
IS	2802	0	0	0	0
IS	2803	1	1	0	0
IS	2804	0	0	0	0
IS	2805	0	0	0	0
IS	2806	0	0	0	0
IS	2807	0	0	0	0
IS	2808	0	0	0	0
IS	2809	0	0	0	0
IS	2810	1	1	0	0
IS	2811	0	0	0	0
IS	2812	0	0	0	0
IS	2813	0	0	0	0
IS	2814	0	0	0	0
IS	2815	0	0	0	0
IS	2816	0	0	0	0
IS	2817	0	0	0	0
IS	2818	1	1	0	0
IS	2819	1	1	0	0
IS	2820	0	0	0	0
IS	2821	0	0	0	0
IS	2822	0	0	0	0
IS	2823	0	0	0	0
IS	2824	0	0	0	0
IS	2825	1	1	0	0
IS	2826	0	0	0	0
IS	2827	1	1	0	0
IS	2828	0	0	0	0
IS	2829	1	1	0	0
IS	2830	0	0	0	0
IS	2831	1	1	0	0
IS	2832	0	0	0	0
IS	2833	0	0	0	0
IS	2834	0	0	0	0
IS	2835	0	0	0	0
IS	2836	0	0	0	0
IS	2837	0	0	0	0
IS	2838	0	0	0	0
IS	2839	0	0	0	0
IS	2840	0	0	0	0
IS	2841	0	0	0	0
IS	2842	0	0	0	0
IS	2843	0	0	0	0
IS	2844	0	0	0	0
IS	2845	0	0	0	0
IS	2846	0	0	0	0
IS	2847	1	1	0	0
IS	2848	0	0	0	0
IS	2849	0	0	0	0
IS	2850	0	0	0	0
IS	2851	1	1	0	0
IS	2852	0	0	0	0
IS	2853	1	1	0	0
IS	2854	0	0	0	0
IS	2855	0	0	0	0
IS	2856	0	0	0	0
IS	2857	0	0	0	0
IS	2858	0	0	0	0
IS	2859	0	0	0	0
IS	2860	0	0	0	0
IS	2861	1	1	0	0
IS	2862	1	1	0	0
IS	2863	0	0	0	0
IS	2864	0	0	0	0
IS	2865	0	0	0	0
IS	2866	0	0	0	0
IS	2867	0	0	0	0
IS	2868	0	0	0	0
IS	2869	0	0	0	0
IS	2870	2	2	0	0
IS	2871	1	1	0	0
IS	2872	1	1	0	0
IS	2873	0	0	0	0
IS	2874	1	1	0	0
IS	2875	0	0	0	0
IS	2876	1	1	0	0
IS	2877	3	3	0	0
IS	2878	1	1	0	0
IS	2879	0	0	0	0
IS	2880	2	2	0	0
IS	2881	1	1	0	0
IS	2882	1	1	0	0
IS	2883	1	1	0	0
IS	2884	1	1	0	0
IS	2885	0	0	0	0
IS	2886	0	0	0	0
IS	2887	0	0	0	0
IS	2888	0	0	0	0
IS	2889	0	0	0	0
IS	2890	0	0	0	0
IS	2891	0	0	0	0
IS	2892	0	0	0	0
IS	2893	0	0	0	0
IS	2894	0	0	0	0
IS	2895	0	0	0	0
IS	2896	1	1	0	0
IS	2897	0	0	0	0
IS	2898	0	0	0	0
IS	2899	1	1	0	0
IS	2900	1	1	0	0
IS	2901	0	0	0	0
IS	2902	0	0	0	0
IS	2903	1	1	0	0
IS	2904	0	0	0	0
IS	2905	0	0	0	0
IS	2906	1	1	0	0
IS	2907	1	1	0	0
IS	2908	0	0	0	0
IS	2909	0	0	0	0
IS	2910	0	0	0	0
IS	2911	1	1	0	0
IS	2912	1	1	0	0
IS	2913	1	1	0	0
IS	2914	2	2	0	0
IS	2915	1	1	0	0
IS	2916	1	1	0	0
IS	2917	0	0	0	0
IS	2918	1	1	0	0
IS	2919	2	2	0	0
IS	2920	1	1	0	0
IS	2921	0	0	0	0
IS	2922	1	1	0	0
IS	2923	0	0	0	0
IS	2924	1	1	0	0
IS	2925	0	0	0	0
IS	2926	0	0	0	0
IS	2927	1	1	0	0
IS	2928	1	1	0	0
IS	2929	0	0	0	0
IS	2930	0	0	0	0
IS	2931	0	0	0	0
IS	2932	1	1	0	0
IS	2933	2	2	0	0
IS	2934	0	0	0	0
IS	2935	1	1	0	0
IS	2936	0	0	0	0
IS	2937	0	0	0	0
IS	2938	2	2	0	0
IS	2939	4	4	0	0
IS	2940	0	0	0	0
IS	2941	3	3	0	0
IS	2942	4	4	0	0
IS	2943	4	4	0	0
IS	2944	3	3	0	0
IS	2945	2	2	0	0
IS	2946	6	6	0	0
IS	2947	3	3	0	0
IS	2948	4	4	0	0
IS	2949	10	10	0	0
IS	2950	9	9	0	0
IS	2951	7	7	0	0
IS	2952	7	7	0	0
IS	2953	4	4	0	0
IS	2954	9	9	0	0
IS	2955	7	7	0	0
IS	2956	5	5	0	0
IS	2957	10	10	0	0
IS	2958	10	10	0	0
IS	2959	7	7	0	0
IS	2960	14	14	0	0
IS	2961	22	22	0	0
IS	2962	21	21	0	0
IS	2963	18	18	0	0
IS	2964	22	22	0	0
IS	2965	25	25	0	0
IS	2966	27	27	0	0
IS	2967	20	20	0	0
IS	2968	29	29	0	0
IS	2969	32	32	0	0
IS	2970	29	29	0	0
IS	2971	37	37	0	0
IS	2972	45	45	0	0
IS	2973	46	46	0	0
IS	2974	54	54	0	0
IS	2975	59	59	0	0
IS	2976	64	64	0	0
IS	2977	70	70	0	0
IS	2978	63	63	0	0
IS	2979	64	64	0	0
IS	2980	41	41	0	0
IS	2981	58	58	0	0
IS	2982	55	55	0	0
IS	2983	46	46	0	0
IS	2984	66	66	0	0
IS	2985	55	55	0	0
IS	2986	71	71	0	0
IS	2987	64	64	0	0
IS	2988	70	70	0	0
IS	2989	74	74	0	0
IS	2990	83	83	0	0
IS	2991	125	125	0	0
IS	2992	78	78	0	0
IS	2993	97	97	0	0
IS	2994	49	49	0	0
IS	2995	57	57	0	0
IS	2996	68	68	0	0
IS	2997	45	45	0	0
IS	2998	49	49	0	0
IS	2999	61	61	0	0
IS	3000	73	73	0	0
IS	3001	71	71	0	0
IS	3002	41	41	0	0
IS	3003	71	71	0	0
IS	3004	52	52	0	0
IS	3005	80	80	0	0
IS	3006	31	31	0	0
IS	3007	38	38	0	0
IS	3008	49	49	0	0
IS	3009	64	64	0	0
IS	3010	42	42	0	0
IS	3011	49	49	0	0
IS	3012	80	80	0	0
IS	3013	40	40	0	0
IS	3014	86	86	0	0
IS	3015	135	135	0	0
IS	3016	61	61	0	0
IS	3017	51	51	0	0
IS	3018	61	61	0	0
IS	3019	62	62	0	0
IS	3020	38	38	0	0
IS	3021	51	51	0	0
IS	3022	43	43	0	0
IS	3023	31	31	0	0
IS	3024	25	25	0	0
IS	3025	31	31	0	0
IS	3026	24	24	0	0
IS	3027	33	33	0	0
IS	3028	15	15	0	0
IS	3029	44	44	0	0
IS	3030	22	22	0	0
IS	3031	34	34	0	0
IS	3032	37	37	0	0
IS	3033	62	62	0	0
IS	3034	60	60	0	0
IS	3035	26	26	0	0
IS	3036	48	48	0	0
IS	3037	27	27	0	0
IS	3038	28	28	0	0
IS	3039	28	28	0	0
IS	3040	29	29	0	0
IS	3041	18	18	0	0
IS	3042	27	27	0	0
IS	3043	32	32	0	0
IS	3044	17	17	0	0
IS	3045	15	15	0	0
IS	3046	18	18	0	0
IS	3047	13	13	0	0
IS	3048	28	28	0	0
IS	3049	33	33	0	0
IS	3050	16	16	0	0
IS	3051	22	22	0	0
IS	3052	52	52	0	0
IS	3053	27	27	0	0
IS	3054	28	28	0	0
IS	3055	45	45	0	0
IS	3056	79	79	0	0
IS	3057	65	65	0	0
IS	3058	48	48	0	0
IS	3059	96	96	0	0
IS	3060	19	19	0	0
IS	3061	30	30	0	0
IS	3062	31	31	0	0
IS	3063	29	29	0	0
IS	3064	28	28	0	0
IS	3065	30	30	0	0
IS	3066	15	15	0	0
IS	3067	47	47	0	0
IS	3068	16	16	0	0
IS	3069	10	10	0	0
IS	3070	7	7	0	0
IS	3071	7	7	0	0
IS	3072	15	15	0	0
IS	3073	10	10	0	0
IS	3074	13	13	0	0
IS	3075	8	8	0	0
IS	3076	10	10	0	0
IS	3077	19	19	0	0
IS	3078	8	8	0	0
IS	3079	14	14	0	0
IS	3080	5	5	0	0
IS	3081	3	3	0	0
IS	3082	9	9	0	0
IS	3083	9	9	0	0
IS	3084	11	11	0	0
IS	3085	6	6	0	0
IS	3086	7	7	0	0
IS	3087	4	4	0	0
IS	3088	5	5	0	0
IS	3089	9	9	0	0
IS	3090	8	8	0	0
IS	3091	6	6	0	0
IS	3092	29	29	0	0
IS	3093	5	5	0	0
IS	3094	4	4	0	0
IS	3095	25	25	0	0
IS	3096	5	5	0	0
IS	3097	4	4	0	0
IS	3098	7	7	0	0
IS	3099	8	8	0	0
IS	3100	4	4	0	0
IS	3101	10	10	0	0
IS	3102	19	19	0	0
IS	3103	23	23	0	0
IS	3104	5	5	0	0
IS	3105	3	3	0	0
IS	3106	3	3	0	0
IS	3107	2	2	0	0
IS	3108	3	3	0	0
IS	3109	1	1	0	0
IS	3110	6	6	0	0
IS	3111	3	3	0	0
IS	3112	6	6	0	0
IS	3113	4	4	0	0
IS	3114	11	11	0	0
IS	3115	6	6	0	0
IS	3116	0	0	0	0
IS	3117	6	6	0	0
IS	3118	5	5	0	0
IS	3119	7	7	0	0
IS	3120	7	7	0	0
IS	3121	12	12	0	0
IS	3122	6	6	0	0
IS	3123	6	6	0	0
IS	3124	3	3	0	0
IS	3125	7	7	0	0
IS	3126	2	2	0	0
IS	3127	3	3	0	0
IS	3128	7	7	0	0
IS	3129	3	3	0	0
IS	3130	1	1	0	0
IS	3131	9	9	0	0
IS	3132	4	4	0	0
IS	3133	9	9	0	0
IS	3134	8	8	0	0
IS	3135	11	11	0	0
IS	3136	9	9	0	0
IS	3137	10	10	0	0
IS	3138	10	10	0	0
IS	3139	19	19	0	0
IS	3140	6	6	0	0
IS	3141	6	6	0	0
IS	3142	8	8	0	0
IS	3143	9	9	0	0
IS	3144	9	9	0	0
IS	3145	9	9	0	0
IS	3146	1	1	0	0
IS	3147	5	5	0	0
IS	3148	1	1	0	0
IS	3149	5	5	0	0
IS	3150	2	2	0	0
IS	3151	3	3	0	0
IS	3152	1	1	0	0
IS	3153	3	3	0	0
IS	3154	1	1	0	0
IS	3155	4	4	0	0
IS	3156	5	5	0	0
IS	3157	2	2	0	0
IS	3158	8	8	0	0
IS	3159	0	0	0	0
IS	3160	6	6	0	0
IS	3161	14	14	0	0
IS	3162	14	14	0	0
IS	3163	1	1	0	0
IS	3164	2	2	0	0
IS	3165	1	1	0	0
IS	3166	7	7	0	0
IS	3167	2	2	0	0
IS	3168	4	4	0	0
IS	3169	2	2	0	0
IS	3170	3	3	0	0
IS	3171	1	1	0	0
IS	3172	1	1	0	0
IS	3173	1	1	0	0
IS	3174	3	3	0	0
IS	3175	1	1	0	0
IS	3176	1	1	0	0
IS	3177	2	2	0	0
IS	3178	0	0	0	0
IS	3179	0	0	0	0
IS	3180	0	0	0	0
IS	3181	5	5	0	0
IS	3182	2	2	0	0
IS	3183	1	1	0	0
IS	3184	1	1	0	0
IS	3185	1	1	0	0
IS	3186	0	0	0	0
IS	3187	1	1	0	0
IS	3188	2	2	0	0
IS	3189	5	5	0	0
IS	3190	0	0	0	0
IS	3191	1	1	0	0
IS	3192	1	1	0	0
IS	3193	0	0	0	0
IS	3194	3	3	0	0
IS	3195	0	0	0	0
IS	3196	0	0	0	0
IS	3197	0	0	0	0
IS	3198	0	0	0	0
IS	3199	1	1	0	0
IS	3200	0	0	0	0
IS	3201	2	2	0	0
IS	3202	2	2	0	0
IS	3203	4	4	0	0
IS	3204	0	0	0	0
IS	3205	2	2	0	0
IS	3206	1	1	0	0
IS	3207	1	1	0	0
IS	3208	1	1	0	0
IS	3209	0	0	0	0
IS	3210	1	1	0	0
IS	3211	0	0	0	0
IS	3212	1	1	0	0
IS	3213	0	0	0	0
IS	3214	0	0	0	0
IS	3215	1	1	0	0
IS	3216	1	1	0	0
IS	3217	1	1	0	0
IS	3218	1	1	0	0
IS	3219	1	1	0	0
IS	3220	1	1	0	0
IS	3221	0	0	0	0
IS	3222	1	1	0	0
IS	3223	2	2	0	0
IS	3224	1	1	0	0
IS	3225	1	1	0	0
IS	3226	1	1	0	0
IS	3227	0	0	0	0
IS	3228	0	0	0	0
IS	3229	0	0	0	0
IS	3230	0	0	0	0
IS	3231	1	1	0	0
IS	3232	0	0	0	0
IS	3233	0	0	0	0
IS	3234	0	0	0	0
IS	3235	0	0	0	0
IS	3236	0	0	0	0
IS	3237	0	0	0	0
IS	3238	0	0	0	0
IS	3239	0	0	0	0
IS	3240	0	0	0	0
IS	3241	0	0	0	0
IS	3242	1	1	0	0
IS	3243	0	0	0	0
IS	3244	0	0	0	0
IS	3245	0	0	0	0
IS	3246	1	1	0	0
IS	3247	0	0	0	0
IS	3248	2	2	0	0
IS	3249	0	0	0	0
IS	3250	0	0	0	0
IS	3251	1	1	0	0
IS	3252	0	0	0	0
IS	3253	1	1	0	0
IS	3254	0	0	0	0
IS	3255	1	1	0	0
IS	3256	0	0	0	0
IS	3257	0	0	0	0
IS	3258	1	1	0	0
IS	3259	0	0	0	0
IS	3260	0	0	0	0
IS	3261	0	0	0	0
IS	3262	0	0	0	0
IS	3263	0	0	0	0
IS	3264	0	0	0	0
IS	3265	0	0	0	0
IS	3266	0	0	0	0
IS	3267	1	1	0	0
IS	3268	1	1	0	0
IS	3269	0	0	0	0
IS	3270	0	0	0	0
IS	3271	0	0	0	0
IS	3272	0	0	0	0
IS	3273	0	0	0	0
IS	3274	1	1	0	0
IS	3275	0	0	0	0
IS	3276	2	2	0	0
IS	3277	2	2	0	0
IS	3278	0	0	0	0
IS	3279	0	0	0	0
IS	3280	0	0	0	0
IS	3281	0	0	0	0
IS	3282	0	0	0	0
IS	3283	0	0	0	0
IS	3284	0	0	0	0
IS	3285	0	0	0	0
IS	3286	1	1	0	0
IS	3287	1	1	0	0
IS	3288	0	0	0	0
IS	3289	0	0	0	0
IS	3290	0	0	0	0
IS	3291	0	0	0	0
IS	3292	0	0	0	0
IS	3293	0	0	0	0
IS	3294	0	0	0	0
IS	3295	2	2	0	0
IS	3296	0	0	0	0
IS	3297	0	0	0	0
IS	3298	0	0	0	0
IS	3299	0	0	0	0
IS	3300	0	0	0	0
IS	3301	1	1	0	0
IS	3302	0	0	0	0
IS	3303	0	0	0	0
IS	3304	0	0	0	0
IS	3305	0	0	0	0
IS	3306	0	0	0	0
IS	3307	0	0	0	0
IS	3308	0	0	0	0
IS	3309	0	0	0	0
IS	3310	0	0	0	0
IS	3311	0	0	0	0
IS	3312	0	0	0	0
IS	3313	0	0	0	0
IS	3314	0	0	0	0
IS	3315	0	0	0	0
IS	3316	0	0	0	0
IS	3317	0	0	0	0
IS	3318	0	0	0	0
IS	3319	0	0	0	0
IS	3320	0	0	0	0
IS	3321	1	1	0	0
IS	3322	1	1	0	0
IS	3323	1	1	0	0
IS	3324	1	1	0	0
IS	3325	1	1	0	0
IS	3326	2	2	0	0
IS	3327	1	1	0	0
IS	3328	0	0	0	0
IS	3329	2	2	0	0
IS	3330	0	0	0	0
IS	3331	0	0	0	0
IS	3332	1	1	0	0
IS	3333	1	1	0	0
IS	3334	1	1	0	0
IS	3335	2	2	0	0
IS	3336	3	3	0	0
IS	3337	3	3	0	0
IS	3338	0	0	0	0
IS	3339	0	0	0	0
IS	3340	0	0	0	0
IS	3341	0	0	0	0
IS	3342	0	0	0	0
IS	3343	0	0	0	0
IS	3344	0	0	0	0
IS	3345	0	0	0	0
IS	3346	0	0	0	0
IS	3347	2	2	0	0
IS	3348	1	1	0	0
IS	3349	0	0	0	0
IS	3350	0	0	0	0
IS	3351	0	0	0	0
IS	3352	0	0	0	0
IS	3353	0	0	0	0
IS	3354	0	0	0	0
IS	3355	0	0	0	0
IS	3356	0	0	0	0
IS	3357	0	0	0	0
IS	3358	1	1	0	0
IS	3359	0	0	0	0
IS	3360	0	0	0	0
IS	3361	0	0	0	0
IS	3362	1	1	0	0
IS	3363	0	0	0	0
IS	3364	0	0	0	0
IS	3365	0	0	0	0
IS	3366	0	0	0	0
IS	3367	0	0	0	0
IS	3368	0	0	0	0
IS	3369	1	1	0	0
IS	3370	0	0	0	0
IS	3371	0	0	0	0
IS	3372	0	0	0	0
IS	3373	0	0	0	0
IS	3374	0	0	0	0
IS	3375	0	0	0	0
IS	3376	0	0	0	0
IS	3377	1	1	0	0
IS	3378	0	0	0	0
IS	3379	0	0	0	0
IS	3380	1	1	0	0
IS	3381	2	2	0	0
IS	3382	1	1	0	0
IS	3383	2	2	0	0
IS	3384	0	0	0	0
IS	3385	4	4	0	0
IS	3386	2	2	0	0
IS	3387	4	4	0	0
IS	3388	5	5	0	0
IS	3389	5	5	0	0
IS	3390	6	6	0	0
IS	3391	3	3	0	0
IS	3392	2	2	0	0
IS	3393	4	4	0	0
IS	3394	5	5	0	0
IS	3395	9	9	0	0
IS	3396	2	2	0	0
IS	3397	5	5	0	0
IS	3398	2	2	0	0
IS	3399	5	5	0	0
IS	3400	5	5	0	0
IS	3401	12	12	0	0
IS	3402	10	10	0	0
IS	3403	7	7	0	0
IS	3404	13	13	0	0
IS	3405	14	14	0	0
IS	3406	10	10	0	0
IS	3407	10	10	0	0
IS	3408	7	7	0	0
IS	3409	13	13	0	0
IS	3410	26	26	0	0
IS	3411	21	21	0	0
IS	3412	24	24	0	0
IS	3413	24	24	0	0
IS	3414	12	12	0	0
IS	3415	30	30	0	0
IS	3416	25	25	0	0
IS	3417	23	23	0	0
IS	3418	18	18	0	0
IS	3419	25	25	0	0
IS	3420	43	43	0	0
IS	3421	60	60	0	0
IS	3422	109	109	0	0
IS	3423	118	118	0	0
IS	3424	26	26	0	0
IS	3425	32	32	0	0
IS	3426	36	36	0	0
IS	3427	39	39	0	0
IS	3428	35	35	0	0
IS	3429	39	39	0	0
IS	3430	44	44	0	0
IS	3431	53	53	0	0
IS	3432	28	28	0	0
IS	3433	27	27	0	0
IS	3434	47	47	0	0
IS	3435	32	32	0	0
IS	3436	23	23	0	0
IS	3437	34	34	0	0
IS	3438	32	32	0	0
IS	3439	31	31	0	0
IS	3440	27	27	0	0
IS	3441	29	29	0	0
IS	3442	38	38	0	0
IS	3443	39	39	0	0
IS	3444	55	55	0	0
IS	3445	16	16	0	0
IS	3446	20	20	0	0
IS	3447	12	12	0	0
IS	3448	27	27	0	0
IS	3449	22	22	0	0
IS	3450	36	36	0	0
IS	3451	11	11	0	0
IS	3452	20	20	0	0
IS	3453	29	29	0	0
IS	3454	21	21	0	0
IS	3455	38	38	0	0
IS	3456	24	24	0	0
IS	3457	20	20	0	0
IS	3458	26	26	0	0
IS	3459	19	19	0	0
IS	3460	27	27	0	0
IS	3461	23	23	0	0
IS	3462	26	26	0	0
IS	3463	11	11	0	0
IS	3464	18	18	0	0
IS	3465	83	83	0	0
IS	3466	36	36	0	0
IS	3467	31	31	0	0
IS	3468	37	37	0	0
IS	3469	11	11	0	0
IS	3470	14	14	0	0
IS	3471	15	15	0	0
IS	3472	21	21	0	0
IS	3473	23	23	0	0
IS	3474	17	17	0	0
IS	3475	19	19	0	0
IS	3476	21	21	0	0
IS	3477	18	18	0	0
IS	3478	22	22	0	0
IS	3479	23	23	0	0
IS	3480	28	28	0	0
IS	3481	9	9	0	0
IS	3482	13	13	0	0
IS	3483	4	4	0	0
IS	3484	11	11	0	0
IS	3485	6	6	0	0
IS	3486	14	14	0	0
IS	3487	12	12	0	0
IS	3488	15	15	0	0
IS	3489	29	29	0	0
IS	3490	30	30	0	0
IS	3491	19	19	0	0
IS	3492	9	9	0	0
IS	3493	10	10	0	0
IS	3494	10	10	0	0
IS	3495	12	12	0	0
IS	3496	7	7	0	0
IS	3497	5	5	0	0
IS	3498	6	6	0	0
IS	3499	6	6	0	0
IS	3500	13	13	0	0
IS	3501	5	5	0	0
IS	3502	5	5	0	0
IS	3503	3	3	0	0
IS	3504	7	7	0	0
IS	3505	8	8	0	0
IS	3506	7	7	0	0
IS	3507	1	1	0	0
IS	3508	4	4	0	0
IS	3509	10	10	0	0
IS	3510	4	4	0	0
IS	3511	6	6	0	0
IS	3512	0	0	0	0
IS	3513	3	3	0	0
IS	3514	8	8	0	0
IS	3515	3	3	0	0
IS	3516	13	13	0	0
IS	3517	6	6	0	0
IS	3518	3	3	0	0
IS	3519	8	8	0	0
IS	3520	7	7	0	0
IS	3521	5	5	0	0
IS	3522	4	4	0	0
IS	3523	7	7	0	0
IS	3524	3	3	0	0
IS	3525	3	3	0	0
IS	3526	4	4	0	0
IS	3527	8	8	0	0
IS	3528	2	2	0	0
IS	3529	3	3	0	0
IS	3530	4	4	0	0
IS	3531	2	2	0	0
IS	3532	4	4	0	0
IS	3533	4	4	0	0
IS	3534	4	4	0	0
IS	3535	2	2	0	0
IS	3536	2	2	0	0
IS	3537	1	1	0	0
IS	3538	1	1	0	0
IS	3539	6	6	0	0
IS	3540	4	4	0	0
IS	3541	4	4	0	0
IS	3542	3	3	0	0
IS	3543	1	1	0	0
IS	3544	0	0	0	0
IS	3545	2	2	0	0
IS	3546	4	4	0	0
IS	3547	0	0	0	0
IS	3548	1	1	0	0
IS	3549	3	3	0	0
IS	3550	2	2	0	0
IS	3551	0	0	0	0
IS	3552	2	2	0	0
IS	3553	2	2	0	0
IS	3554	1	1	0	0
IS	3555	3	3	0	0
IS	3556	1	1	0	0
IS	3557	1	1	0	0
IS	3558	0	0	0	0
IS	3559	2	2	0	0
IS	3560	1	1	0	0
IS	3561	1	1	0	0
IS	3562	0	0	0	0
IS	3563	1	1	0	0
IS	3564	0	0	0	0
IS	3565	1	1	0	0
IS	3566	3	3	0	0
IS	3567	1	1	0	0
IS	3568	3	3	0	0
IS	3569	0	0	0	0
IS	3570	1	1	0	0
IS	3571	3	3	0	0
IS	3572	0	0	0	0
IS	3573	0	0	0	0
IS	3574	2	2	0	0
IS	3575	0	0	0	0
IS	3576	1	1	0	0
IS	3577	1	1	0	0
IS	3578	1	1	0	0
IS	3579	1	1	0	0
IS	3580	3	3	0	0
IS	3581	1	1	0	0
IS	3582	2	2	0	0
IS	3583	3	3	0	0
IS	3584	1	1	0	0
IS	3585	0	0	0	0
IS	3586	2	2	0	0
IS	3587	0	0	0	0
IS	3588	0	0	0	0
IS	3589	1	1	0	0
IS	3590	0	0	0	0
IS	3591	0	0	0	0
IS	3592	0	0	0	0
IS	3593	0	0	0	0
IS	3594	1	1	0	0
IS	3595	0	0	0	0
IS	3596	1	1	0	0
IS	3597	2	2	0	0
IS	3598	0	0	0	0
IS	3599	2	2	0	0
IS	3600	2	2	0	0
IS	3601	1	1	0	0
IS	3602	0	0	0	0
IS	3603	0	0	0	0
IS	3604	0	0	0	0
IS	3605	0	0	0	0
IS	3606	0	0	0	0
IS	3607	1	1	0	0
IS	3608	2	2	0	0
IS	3609	0	0	0	0
IS	3610	1	1	0	0
IS	3611	0	0	0	0
IS	3612	1	1	0	0
IS	3613	0	0	0	0
IS	3614	0	0	0	0
IS	3615	0	0	0	0
IS	3616	0	0	0	0
IS	3617	0	0	0	0
IS	3618	0	0	0	0
IS	3619	0	0	0	0
IS	3620	0	0	0	0
IS	3621	0	0	0	0
IS	3622	0	0	0	0
IS	3623	0	0	0	0
IS	3624	0	0	0	0
IS	3625	1	1	0	0
IS	3626	0	0	0	0
IS	3627	1	1	0	0
IS	3628	0	0	0	0
IS	3629	0	0	0	0
IS	3630	0	0	0	0
IS	3631	0	0	0	0
IS	3632	0	0	0	0
IS	3633	0	0	0	0
IS	3634	0	0	0	0
IS	3635	0	0	0	0
IS	3636	0	0	0	0
IS	3637	0	0	0	0
IS	3638	0	0	0	0
IS	3639	0	0	0	0
IS	3640	0	0	0	0
IS	3641	0	0	0	0
IS	3642	0	0	0	0
IS	3643	0	0	0	0
IS	3644	0	0	0	0
IS	3645	0	0	0	0
IS	3646	0	0	0	0
IS	3647	0	0	0	0
IS	3648	0	0	0	0
IS	3649	0	0	0	0
IS	3650	0	0	0	0
IS	3651	0	0	0	0
IS	3652	0	0	0	0
IS	3653	0	0	0	0
IS	3654	0	0	0	0
IS	3655	0	0	0	0
IS	3656	0	0	0	0
IS	3657	0	0	0	0
IS	3658	0	0	0	0
IS	3659	0	0	0	0
IS	3660	0	0	0	0
IS	3661	0	0	0	0
IS	3662	0	0	0	0
IS	3663	0	0	0	0
IS	3664	0	0	0	0
IS	3665	0	0	0	0
IS	3666	0	0	0	0
IS	3667	0	0	0	0
IS	3668	0	0	0	0
IS	3669	0	0	0	0
IS	3670	0	0	0	0
IS	3671	0	0	0	0
IS	3672	0	0	0	0
IS	3673	0	0	0	0
IS	3674	0	0	0	0
IS	3675	0	0	0	0
IS	3676	0	0	0	0
IS	3677	0	0	0	0
IS	3678	0	0	0	0
IS	3679	0	0	0	0
IS	3680	1	1	0	0
IS	3681	0	0	0	0
IS	3682	0	0	0	0
IS	3683	0	0	0	0
IS	3684	0	0	0	0
IS	3685	1	1	0	0
IS	3686	1	1	0	0
IS	3687	0	0	0	0
IS	3688	0	0	0	0
IS	3689	0	0	0	0
IS	3690	0	0	0	0
IS	3691	0	0	0	0
IS	3692	0	0	0	0
IS	3693	0	0	0	0
IS	3694	0	0	0	0
IS	3695	0	0	0	0
IS	3696	0	0	0	0
IS	3697	0	0	0	0
IS	3698	0	0	0	0
IS	3699	0	0	0	0
IS	3700	0	0	0	0
IS	3701	0	0	0	0
IS	3702	0	0	0	0
IS	3703	0	0	0	0
IS	3704	0	0	0	0
IS	3705	0	0	0	0
IS	3706	0	0	0	0
IS	3707	0	0	0	0
IS	3708	0	0	0	0
IS	3709	0	0	0	0
IS	3710	0	0	0	0
IS	3711	0	0	0	0
IS	3712	0	0	0	0
IS	3713	0	0	0	0
IS	3714	0	0	0	0
IS	3715	0	0	0	0
IS	3716	0	0	0	0
IS	3717	0	0	0	0
IS	3718	0	0	0	0
IS	3719	0	0	0	0
IS	3720	0	0	0	0
IS	3721	0	0	0	0
IS	3722	0	0	0	0
IS	3723	0	0	0	0
IS	3724	0	0	0	0
IS	3725	0	0	0	0
IS	3726	0	0	0	0
IS	3727	0	0	0	0
IS	3728	0	0	0	0
IS	3729	0	0	0	0
IS	3730	0	0	0	0
IS	3731	0	0	0	0
IS	3732	0	0	0	0
IS	3733	0	0	0	0
IS	3734	0	0	0	0
IS	3735	0	0	0	0
IS	3736	0	0	0	0
IS	3737	0	0	0	0
IS	3738	0	0	0	0
IS	3739	0	0	0	0
IS	3740	0	0	0	0
IS	3741	0	0	0	0
IS	3742	0	0	0	0
IS	3743	0	0	0	0
IS	3744	0	0	0	0
IS	3745	0	0	0	0
IS	3746	1	1	0	0
IS	3747	0	0	0	0
IS	3748	1	1	0	0
IS	3749	0	0	0	0
IS	3750	0	0	0	0
IS	3751	1	1	0	0
IS	3752	1	1	0	0
IS	3753	0	0	0	0
IS	3754	1	1	0	0
IS	3755	0	0	0	0
IS	3756	3	3	0	0
IS	3757	0	0	0	0
IS	3758	1	1	0	0
IS	3759	0	0	0	0
IS	3760	1	1	0	0
IS	3761	0	0	0	0
IS	3762	0	0	0	0
IS	3763	0	0	0	0
IS	3764	0	0	0	0
IS	3765	1	1	0	0
IS	3766	0	0	0	0
IS	3767	0	0	0	0
IS	3768	1	1	0	0
IS	3769	0	0	0	0
IS	3770	0	0	0	0
IS	3771	0	0	0	0
IS	3772	0	0	0	0
IS	3773	0	0	0	0
IS	3774	0	0	0	0
IS	3775	0	0	0	0
IS	3776	0	0	0	0
IS	3777	0	0	0	0
IS	3778	0	0	0	0
IS	3779	0	0	0	0
IS	3780	0	0	0	0
IS	3781	0	0	0	0
IS	3782	1	1	0	0
IS	3783	2	2	0	0
IS	3784	0	0	0	0
IS	3785	0	0	0	0
IS	3786	0	0	0	0
IS	3787	0	0	0	0
IS	3788	0	0	0	0
IS	3789	0	0	0	0
IS	3790	0	0	0	0
IS	3791	0	0	0	0
IS	3792	0	0	0	0
IS	3793	0	0	0	0
IS	3794	0	0	0	0
IS	3795	0	0	0	0
IS	3796	0	0	0	0
IS	3797	0	0	0	0
IS	3798	0	0	0	0
IS	3799	0	0	0	0
IS	3800	0	0	0	0
IS	3801	0	0	0	0
IS	3802	0	0	0	0
IS	3803	0	0	0	0
IS	3804	0	0	0	0
IS	3805	0	0	0	0
IS	3806	0	0	0	0
IS	3807	0	0	0	0
IS	3808	0	0	0	0
IS	3809	0	0	0	0
IS	3810	0	0	0	0
IS	3811	0	0	0	0
IS	3812	0	0	0	0
IS	3813	0	0	0	0
IS	3814	0	0	0	0
IS	3815	0	0	0	0
IS	3816	0	0	0	0
IS	3817	0	0	0	0
IS	3818	0	0	0	0
IS	3819	0	0	0	0
IS	3820	0	0	0	0
IS	3821	0	0	0	0
IS	3822	1	1	0	0
IS	3823	0	0	0	0
IS	3824	0	0	0	0
IS	3825	0	0	0	0
IS	3826	0	0	0	0
IS	3827	0	0	0	0
IS	3828	0	0	0	0
IS	3829	0	0	0	0
IS	3830	0	0	0	0
IS	3831	1	1	0	0
IS	3832	1	1	0	0
IS	3833	0	0	0	0
IS	3834	0	0	0	0
IS	3835	0	0	0	0
IS	3836	0	0	0	0
IS	3837	0	0	0	0
IS	3838	0	0	0	0
IS	3839	0	0	0	0
IS	3840	0	0	0	0
IS	3841	1	1	0	0
IS	3842	0	0	0	0
IS	3843	0	0	0	0
IS	3844	0	0	0	0
IS	3845	0	0	0	0
IS	3846	0	0	0	0
IS	3847	0	0	0	0
IS	3848	0	0	0	0
IS	3849	0	0	0	0
IS	3850	0	0	0	0
IS	3851	0	0	0	0
IS	3852	0	0	0	0
IS	3853	1	1	0	0
IS	3854	1	1	0	0
IS	3855	1	1	0	0
IS	3856	1	1	0	0
IS	3857	0	0	0	0
IS	3858	0	0	0	0
IS	3859	0	0	0	0
IS	3860	0	0	0	0
IS	3861	1	1	0	0
IS	3862	0	0	0	0
IS	3863	0	0	0	0
IS	3864	0	0	0	0
IS	3865	2	2	0	0
IS	3866	0	0	0	0
IS	3867	0	0	0	0
IS	3868	0	0	0	0
IS	3869	0	0	0	0
IS	3870	0	0	0	0
IS	3871	0	0	0	0
IS	3872	0	0	0	0
IS	3873	0	0	0	0
IS	3874	0	0	0	0
IS	3875	0	0	0	0
IS	3876	0	0	0	0
IS	3877	0	0	0	0
IS	3878	0	0	0	0
IS	3879	0	0	0	0
IS	3880	1	1	0	0
IS	3881	0	0	0	0
IS	3882	0	0	0	0
IS	3883	0	0	0	0
IS	3884	0	0	0	0
IS	3885	0	0	0	0
IS	3886	0	0	0	0
IS	3887	1	1	0	0
IS	3888	1	1	0	0
IS	3889	1	1	0	0
IS	3890	0	0	0	0
IS	3891	0	0	0	0
IS	3892	0	0	0	0
IS	3893	2	2	0	0
IS	3894	1	1	0	0
IS	3895	1	1	0	0
IS	3896	0	0	0	0
IS	3897	1	1	0	0
IS	3898	0	0	0	0
IS	3899	1	1	0	0
IS	3900	0	0	0	0
IS	3901	0	0	0	0
IS	3902	3	3	0	0
IS	3903	1	1	0	0
IS	3904	2	2	0	0
IS	3905	2	2	0	0
IS	3906	0	0	0	0
IS	3907	2	2	0	0
IS	3908	1	1	0	0
IS	3909	1	1	0	0
IS	3910	3	3	0	0
IS	3911	0	0	0	0
IS	3912	0	0	0	0
IS	3913	1	1	0	0
IS	3914	2	2	0	0
IS	3915	3	3	0	0
IS	3916	2	2	0	0
IS	3917	1	1	0	0
IS	3918	4	4	0	0
IS	3919	1	1	0	0
IS	3920	2	2	0	0
IS	3921	4	4	0	0
IS	3922	0	0	0	0
IS	3923	0	0	0	0
IS	3924	1	1	0	0
IS	3925	1	1	0	0
IS	3926	2	2	0	0
IS	3927	5	5	0	0
IS	3928	3	3	0	0
IS	3929	2	2	0	0
IS	3930	3	3	0	0
IS	3931	3	3	0	0
IS	3932	0	0	0	0
IS	3933	6	6	0	0
IS	3934	8	8	0	0
IS	3935	4	4	0	0
IS	3936	4	4	0	0
IS	3937	6	6	0	0
IS	3938	2	2	0	0
IS	3939	1	1	0	0
IS	3940	5	5	0	0
IS	3941	5	5	0	0
IS	3942	12	12	0	0
IS	3943	5	5	0	0
IS	3944	4	4	0	0
IS	3945	2	2	0	0
IS	3946	3	3	0	0
IS	3947	3	3	0	0
IS	3948	5	5	0	0
IS	3949	4	4	0	0
IS	3950	4	4	0	0
IS	3951	2	2	0	0
IS	3952	6	6	0	0
IS	3953	3	3	0	0
IS	3954	5	5	0	0
IS	3955	5	5	0	0
IS	3956	3	3	0	0
IS	3957	4	4	0	0
IS	3958	1	1	0	0
IS	3959	1	1	0	0
IS	3960	5	5	0	0
IS	3961	2	2	0	0
IS	3962	2	2	0	0
IS	3963	1	1	0	0
IS	3964	1	1	0	0
IS	3965	0	0	0	0
IS	3966	1	1	0	0
IS	3967	2	2	0	0
IS	3968	3	3	0	0
IS	3969	1	1	0	0
IS	3970	3	3	0	0
IS	3971	4	4	0	0
IS	3972	1	1	0	0
IS	3973	0	0	0	0
IS	3974	2	2	0	0
IS	3975	12	12	0	0
IS	3976	4	4	0	0
IS	3977	4	4	0	0
IS	3978	4	4	0	0
IS	3979	4	4	0	0
IS	3980	1	1	0	0
IS	3981	7	7	0	0
IS	3982	2	2	0	0
IS	3983	1	1	0	0
IS	3984	2	2	0	0
IS	3985	1	1	0	0
IS	3986	5	5	0	0
IS	3987	2	2	0	0
IS	3988	4	4	0	0
IS	3989	0	0	0	0
IS	3990	2	2	0	0
IS	3991	3	3	0	0
IS	3992	3	3	0	0
IS	3993	2	2	0	0
IS	3994	2	2	0	0
IS	3995	1	1	0	0
IS	3996	0	0	0	0
IS	3997	1	1	0	0
IS	3998	3	3	0	0
IS	3999	0	0	0	0
IS	4000	1	1	0	0
IS	4001	2	2	0	0
IS	4002	0	0	0	0
IS	4003	5	5	0	0
IS	4004	1	1	0	0
IS	4005	0	0	0	0
IS	4006	1	1	0	0
IS	4007	0	0	0	0
IS	4008	0	0	0	0
IS	4009	1	1	0	0
IS	4010	0	0	0	0
IS	4011	0	0	0	0
IS	4012	0	0	0	0
IS	4013	1	1	0	0
IS	4014	1	1	0	0
IS	4015	1	1	0	0
IS	4016	1	1	0	0
IS	4017	1	1	0	0
IS	4018	0	0	0	0
IS	4019	2	2	0	0
IS	4020	1	1	0	0
IS	4021	0	0	0	0
IS	4022	1	1	0	0
IS	4023	0	0	0	0
IS	4024	0	0	0	0
IS	4025	1	1	0	0
IS	4026	0	0	0	0
IS	4027	3	3	0	0
IS	4028	0	0	0	0
IS	4029	1	1	0	0
IS	4030	0	0	0	0
IS	4031	0	0	0	0
IS	4032	2	2	0	0
IS	4033	0	0	0	0
IS	4034	1	1	0	0
IS	4035	2	2	0	0
IS	4036	1	1	0	0
IS	4037	1	1	0	0
IS	4038	1	1	0	0
IS	4039	1	1	0	0
IS	4040	1	1	0	0
IS	4041	0	0	0	0
IS	4042	1	1	0	0
IS	4043	1	1	0	0
IS	4044	1	1	0	0
IS	4045	0	0	0	0
IS	4046	1	1	0	0
IS	4047	0	0	0	0
IS	4048	0	0	0	0
IS	4049	0	0	0	0
IS	4050	1	1	0	0
IS	4051	0	0	0	0
IS	4052	1	1	0	0
IS	4053	0	0	0	0
IS	4054	0	0	0	0
IS	4055	1	1	0	0
IS	4056	0	0	0	0
IS	4057	0	0	0	0
IS	4058	1	1	0	0
IS	4059	0	0	0	0
IS	4060	1	1	0	0
IS	4061	0	0	0	0
IS	4062	2	2	0	0
IS	4063	0	0	0	0
IS	4064	0	0	0	0
IS	4065	1	1	0	0
IS	4066	2	2	0	0
IS	4067	0	0	0	0
IS	4068	0	0	0	0
IS	4069	0	0	0	0
IS	4070	0	0	0	0
IS	4071	0	0	0	0
IS	4072	0	0	0	0
IS	4073	0	0	0	0
IS	4074	0	0	0	0
IS	4075	0	0	0	0
IS	4076	0	0	0	0
IS	4077	0	0	0	0
IS	4078	0	0	0	0
IS	4079	0	0	0	0
IS	4080	0	0	0	0
IS	4081	0	0	0	0
IS	4082	0	0	0	0
IS	4083	0	0	0	0
IS	4084	0	0	0	0
IS	4085	0	0	0	0
IS	4086	0	0	0	0
IS	4087	0	0	0	0
IS	4088	0	0	0	0
IS	4089	0	0	0	0
IS	4090	0	0	0	0
IS	4091	0	0	0	0
IS	4092	0	0	0	0
IS	4093	0	0	0	0
IS	4094	1	1	0	0
IS	4095	0	0	0	0
IS	4096	0	0	0	0
IS	4097	0	0	0	0
IS	4098	0	0	0	0
IS	4099	1	1	0	0
IS	4100	0	0	0	0
IS	4101	0	0	0	0
IS	4102	0	0	0	0
IS	4103	1	1	0	0
IS	4104	0	0	0	0
IS	4105	0	0	0	0
IS	4106	0	0	0	0
IS	4107	0	0	0	0
IS	4108	0	0	0	0
IS	4109	0	0	0	0
IS	4110	0	0	0	0
IS	4111	0	0	0	0
IS	4112	0	0	0	0
IS	4113	0	0	0	0
IS	4114	0	0	0	0
IS	4115	1	1	0	0
IS	4116	0	0	0	0
IS	4117	0	0	0	0
IS	4118	0	0	0	0
IS	4119	0	0	0	0
IS	4120	0	0	0	0
IS	4121	0	0	0	0
IS	4122	0	0	0	0
IS	4123	0	0	0	0
IS	4124	0	0	0	0
IS	4125	0	0	0	0
IS	4126	0	0	0	0
IS	4127	0	0	0	0
IS	4128	0	0	0	0
IS	4129	0	0	0	0
IS	4130	0	0	0	0
IS	4131	1	1	0	0
IS	4132	0	0	0	0
IS	4133	0	0	0	0
IS	4134	0	0	0	0
IS	4135	0	0	0	0
IS	4136	0	0	0	0
IS	4137	0	0	0	0
IS	4138	0	0	0	0
IS	4139	0	0	0	0
IS	4140	1	1	0	0
IS	4141	0	0	0	0
IS	4142	1	1	0	0
IS	4143	0	0	0	0
IS	4144	0	0	0	0
IS	4145	0	0	0	0
IS	4146	0	0	0	0
IS	4147	0	0	0	0
IS	4148	0	0	0	0
IS	4149	0	0	0	0
IS	4150	0	0	0	0
IS	4151	0	0	0	0
IS	4152	0	0	0	0
IS	4153	0	0	0	0
IS	4154	0	0	0	0
IS	4155	0	0	0	0
IS	4156	0	0	0	0
IS	4157	1	1	0	0
IS	4158	0	0	0	0
IS	4159	0	0	0	0
IS	4160	1	1	0	0
IS	4161	0	0	0	0
IS	4162	0	0	0	0
IS	4163	1	1	0	0
IS	4164	0	0	0	0
IS	4165	0	0	0	0
IS	4166	0	0	0	0
IS	4167	0	0	0	0
IS	4168	0	0	0	0
IS	4169	0	0	0	0
IS	4170	0	0	0	0
IS	4171	0	0	0	0
IS	4172	0	0	0	0
IS	4173	0	0	0	0
IS	4174	0	0	0	0
IS	4175	0	0	0	0
IS	4176	0	0	0	0
IS	4177	0	0	0	0
IS	4178	0	0	0	0
IS	4179	0	0	0	0
IS	4180	0	0	0	0
IS	4181	0	0	0	0
IS	4182	0	0	0	0
IS	4183	0	0	0	0
IS	4184	0	0	0	0
IS	4185	0	0	0	0
IS	4186	0	0	0	0
IS	4187	0	0	0	0
IS	4188	0	0	0	0
IS	4189	0	0	0	0
IS	4190	0	0	0	0
IS	4191	0	0	0	0
IS	4192	0	0	0	0
IS	4193	0	0	0	0
IS	4194	0	0	0	0
IS	4195	0	0	0	0
IS	4196	0	0	0	0
IS	4197	0	0	0	0
IS	4198	0	0	0	0
IS	4199	0	0	0	0
IS	4200	0	0	0	0
IS	4201	0	0	0	0
IS	4202	0	0	0	0
IS	4203	0	0	0	0
IS	4204	0	0	0	0
IS	4205	0	0	0	0
IS	4206	0	0	0	0
IS	4207	0	0	0	0
IS	4208	0	0	0	0
IS	4209	0	0	0	0
IS	4210	0	0	0	0
IS	4211	0	0	0	0
IS	4212	0	0	0	0
IS	4213	0	0	0	0
IS	4214	0	0	0	0
IS	4215	0	0	0	0
IS	4216	0	0	0	0
IS	4217	0	0	0	0
IS	4218	0	0	0	0
IS	4219	0	0	0	0
IS	4220	0	0	0	0
IS	4221	0	0	0	0
IS	4222	0	0	0	0
IS	4223	0	0	0	0
IS	4224	0	0	0	0
IS	4225	0	0	0	0
IS	4226	0	0	0	0
IS	4227	0	0	0	0
IS	4228	0	0	0	0
IS	4229	0	0	0	0
IS	4230	0	0	0	0
IS	4231	0	0	0	0
IS	4232	1	1	0	0
IS	4233	1	1	0	0
IS	4234	0	0	0	0
IS	4235	0	0	0	0
IS	4236	0	0	0	0
IS	4237	0	0	0	0
IS	4238	0	0	0	0
IS	4239	1	1	0	0
IS	4240	0	0	0	0
IS	4241	1	1	0	0
IS	4242	0	0	0	0
IS	4243	0	0	0	0
IS	4244	1	1	0	0
IS	4245	0	0	0	0
IS	4246	2	2	0	0
IS	4247	1	1	0	0
IS	4248	2	2	0	0
IS	4249	1	1	0	0
IS	4250	1	1	0	0
IS	4251	1	1	0	0
IS	4252	2	2	0	0
IS	4253	1	1	0	0
IS	4254	2	2	0	0
IS	4255	1	1	0	0
IS	4256	1	1	0	0
IS	4257	1	1	0	0
IS	4258	4	4	0	0
IS	4259	2	2	0	0
IS	4260	4	4	0	0
IS	4261	1	1	0	0
IS	4262	2	2	0	0
IS	4263	1	1	0	0
IS	4264	0	0	0	0
IS	4265	3	3	0	0
IS	4266	2	2	0	0
IS	4267	2	2	0	0
IS	4268	13	13	0	0
IS	4269	2	2	0	0
IS	4270	3	3	0	0
IS	4271	2	2	0	0
IS	4272	0	0	0	0
IS	4273	1	1	0	0
IS	4274	4	4	0	0
IS	4275	3	3	0	0
IS	4276	2	2	0	0
IS	4277	3	3	0	0
IS	4278	5	5	0	0
IS	4279	2	2	0	0
IS	4280	4	4	0	0
IS	4281	2	2	0	0
IS	4282	1	1	0	0
IS	4283	3	3	0	0
IS	4284	1	1	0	0
IS	4285	2	2	0	0
IS	4286	3	3	0	0
IS	4287	1	1	0	0
IS	4288	1	1	0	0
IS	4289	6	6	0	0
IS	4290	0	0	0	0
IS	4291	1	1	0	0
IS	4292	4	4	0	0
IS	4293	3	3	0	0
IS	4294	1	1	0	0
IS	4295	2	2	0	0
IS	4296	2	2	0	0
IS	4297	7	7	0	0
IS	4298	2	2	0	0
IS	4299	4	4	0	0
IS	4300	2	2	0	0
IS	4301	4	4	0	0
IS	4302	0	0	0	0
IS	4303	5	5	0	0
IS	4304	1	1	0	0
IS	4305	3	3	0	0
IS	4306	0	0	0	0
IS	4307	0	0	0	0
IS	4308	1	1	0	0
IS	4309	2	2	0	0
IS	4310	1	1	0	0
IS	4311	2	2	0	0
IS	4312	1	1	0	0
IS	4313	1	1	0	0
IS	4314	0	0	0	0
IS	4315	0	0	0	0
IS	4316	1	1	0	0
IS	4317	4	4	0	0
IS	4318	0	0	0	0
IS	4319	2	2	0	0
IS	4320	1	1	0	0
IS	4321	2	2	0	0
IS	4322	3	3	0	0
IS	4323	2	2	0	0
IS	4324	1	1	0	0
IS	4325	0	0	0	0
IS	4326	2	2	0	0
IS	4327	0	0	0	0
IS	4328	1	1	0	0
IS	4329	1	1	0	0
IS	4330	2	2	0	0
IS	4331	0	0	0	0
IS	4332	2	2	0	0
IS	4333	1	1	0	0
IS	4334	1	1	0	0
IS	4335	4	4	0	0
IS	4336	3	3	0	0
IS	4337	0	0	0	0
IS	4338	2	2	0	0
IS	4339	1	1	0	0
IS	4340	1	1	0	0
IS	4341	0	0	0	0
IS	4342	0	0	0	0
IS	4343	1	1	0	0
IS	4344	1	1	0	0
IS	4345	1	1	0	0
IS	4346	0	0	0	0
IS	4347	0	0	0	0
IS	4348	0	0	0	0
IS	4349	1	1	0	0
IS	4350	1	1	0	0
IS	4351	1	1	0	0
IS	4352	1	1	0	0
IS	4353	0	0	0	0
IS	4354	1	1	0	0
IS	4355	1	1	0	0
IS	4356	0	0	0	0
IS	4357	1	1	0	0
IS	4358	1	1	0	0
IS	4359	0	0	0	0
IS	4360	0	0	0	0
IS	4361	2	2	0	0
IS	4362	0	0	0	0
IS	4363	0	0	0	0
IS	4364	0	0	0	0
IS	4365	0	0	0	0
IS	4366	1	1	0	0
IS	4367	0	0	0	0
IS	4368	1	1	0	0
IS	4369	1	1	0	0
IS	4370	0	0	0	0
IS	4371	1	1	0	0
IS	4372	1	1	0	0
IS	4373	0	0	0	0
IS	4374	0	0	0	0
IS	4375	0	0	0	0
IS	4376	0	0	0	0
IS	4377	1	1	0	0
IS	4378	1	1	0	0
IS	4379	0	0	0	0
IS	4380	0	0	0	0
IS	4381	0	0	0	0
IS	4382	1	1	0	0
IS	4383	0	0	0	0
IS	4384	0	0	0	0
IS	4385	0	0	0	0
IS	4386	0	0	0	0
IS	4387	0	0	0	0
IS	4388	1	1	0	0
IS	4389	1	1	0	0
IS	4390	1	1	0	0
IS	4391	1	1	0	0
IS	4392	1	1	0	0
IS	4393	0	0	0	0
IS	4394	0	0	0	0
IS	4395	0	0	0	0
IS	4396	0	0	0	0
IS	4397	0	0	0	0
IS	4398	0	0	0	0
IS	4399	0	0	0	0
IS	4400	0	0	0	0
IS	4401	1	1	0	0
IS	4402	0	0	0	0
IS	4403	1	1	0	0
IS	4404	0	0	0	0
IS	4405	0	0	0	0
IS	4406	0	0	0	0
IS	4407	1	1	0	0
IS	4408	0	0	0	0
IS	4409	0	0	0	0
IS	4410	0	0	0	0
IS	4411	0	0	0	0
IS	4412	0	0	0	0
IS	4413	0	0	0	0
IS	4414	1	1	0	0
IS	4415	0	0	0	0
IS	4416	0	0	0	0
IS	4417	1	1	0	0
IS	4418	0	0	0	0
IS	4419	1	1	0	0
IS	4420	0	0	0	0
IS	4421	0	0	0	0
IS	4422	0	0	0	0
IS	4423	0	0	0	0
IS	4424	0	0	0	0
IS	4425	0	0	0	0
IS	4426	0	0	0	0
IS	4427	0	0	0	0
IS	4428	0	0	0	0
IS	4429	0	0	0	0
IS	4430	0	0	0	0
IS	4431	0	0	0	0
IS	4432	0	0	0	0
IS	4433	0	0	0	0
IS	4434	0	0	0	0
IS	4435	0	0	0	0
IS	4436	0	0	0	0
IS	4437	0	0	0	0
IS	4438	0	0	0	0
IS	4439	0	0	0	0
IS	4440	0	0	0	0
IS	4441	0	0	0	0
IS	4442	0	0	0	0
IS	4443	0	0	0	0
IS	4444	0	0	0	0
IS	4445	0	0	0	0
IS	4446	0	0	0	0
IS	4447	1	1	0	0
IS	4448	0	0	0	0
IS	4449	0	0	0	0
IS	4450	0	0	0	0
IS	4451	0	0	0	0
IS	4452	0	0	0	0
IS	4453	0	0	0	0
IS	4454	0	0	0	0
IS	4455	0	0	0	0
IS	4456	0	0	0	0
IS	4457	0	0	0	0
IS	4458	0	0	0	0
IS	4459	0	0	0	0
IS	4460	0	0	0	0
IS	4461	0	0	0	0
IS	4462	0	0	0	0
IS	4463	0	0	0	0
IS	4464	0	0	0	0
IS	4465	0	0	0	0
IS	4466	0	0	0	0
IS	4467	0	0	0	0
IS	4468	0	0	0	0
IS	4469	0	0	0	0
IS	4470	0	0	0	0
IS	4471	1	1	0	0
IS	4472	0	0	0	0
IS	4473	0	0	0	0
IS	4474	0	0	0	0
IS	4475	0	0	0	0
IS	4476	0	0	0	0
IS	4477	0	0	0	0
IS	4478	0	0	0	0
IS	4479	0	0	0	0
IS	4480	0	0	0	0
IS	4481	0	0	0	0
IS	4482	0	0	0	0
IS	4483	0	0	0	0
IS	4484	0	0	0	0
IS	4485	0	0	0	0
IS	4486	0	0	0	0
IS	4487	0	0	0	0
IS	4488	0	0	0	0
IS	4489	0	0	0	0
IS	4490	0	0	0	0
IS	4491	0	0	0	0
IS	4492	0	0	0	0
IS	4493	0	0	0	0
IS	4494	0	0	0	0
IS	4495	0	0	0	0
IS	4496	0	0	0	0
IS	4497	0	0	0	0
IS	4498	0	0	0	0
IS	4499	0	0	0	0
IS	4500	0	0	0	0
IS	4501	0	0	0	0
IS	4502	0	0	0	0
IS	4503	0	0	0	0
IS	4504	0	0	0	0
IS	4505	0	0	0	0
IS	4506	0	0	0	0
IS	4507	0	0	0	0
IS	4508	0	0	0	0
IS	4509	0	0	0	0
IS	4510	0	0	0	0
IS	4511	0	0	0	0
IS	4512	0	0	0	0
IS	4513	0	0	0	0
IS	4514	0	0	0	0
IS	4515	0	0	0	0
IS	4516	1	1	0	0
IS	4517	0	0	0	0
IS	4518	0	0	0	0
IS	4519	0	0	0	0
IS	4520	0	0	0	0
IS	4521	0	0	0	0
IS	4522	0	0	0	0
IS	4523	0	0	0	0
IS	4524	0	0	0	0
IS	4525	0	0	0	0
IS	4526	0	0	0	0
IS	4527	0	0	0	0
IS	4528	0	0	0	0
IS	4529	0	0	0	0
IS	4530	0	0	0	0
IS	4531	0	0	0	0
IS	4532	0	0	0	0
IS	4533	0	0	0	0
IS	4534	0	0	0	0
IS	4535	0	0	0	0
IS	4536	0	0	0	0
IS	4537	0	0	0	0
IS	4538	0	0	0	0
IS	4539	0	0	0	0
IS	4540	0	0	0	0
IS	4541	0	0	0	0
IS	4542	0	0	0	0
IS	4543	0	0	0	0
IS	4544	0	0	0	0
IS	4545	0	0	0	0
IS	4546	0	0	0	0
IS	4547	0	0	0	0
IS	4548	0	0	0	0
IS	4549	0	0	0	0
IS	4550	0	0	0	0
IS	4551	1	1	0	0
IS	4552	0	0	0	0
IS	4553	0	0	0	0
IS	4554	0	0	0	0
IS	4555	0	0	0	0
IS	4556	0	0	0	0
IS	4557	0	0	0	0
IS	4558	1	1	0	0
IS	4559	0	0	0	0
IS	4560	0	0	0	0
IS	4561	0	0	0	0
IS	4562	0	0	0	0
IS	4563	0	0	0	0
IS	4564	0	0	0	0
IS	4565	0	0	0	0
IS	4566	0	0	0	0
IS	4567	0	0	0	0
IS	4568	0	0	0	0
IS	4569	0	0	0	0
IS	4570	0	0	0	0
IS	4571	0	0	0	0
IS	4572	0	0	0	0
IS	4573	0	0	0	0
IS	4574	0	0	0	0
IS	4575	0	0	0	0
IS	4576	0	0	0	0
IS	4577	0	0	0	0
IS	4578	0	0	0	0
IS	4579	0	0	0	0
IS	4580	0	0	0	0
IS	4581	0	0	0	0
IS	4582	0	0	0	0
IS	4583	0	0	0	0
IS	4584	0	0	0	0
IS	4585	0	0	0	0
IS	4586	1	1	0	0
IS	4587	0	0	0	0
IS	4588	0	0	0	0
IS	4589	0	0	0	0
IS	4590	0	0	0	0
IS	4591	0	0	0	0
IS	4592	0	0	0	0
IS	4593	0	0	0	0
IS	4594	0	0	0	0
IS	4595	0	0	0	0
IS	4596	0	0	0	0
IS	4597	0	0	0	0
IS	4598	0	0	0	0
IS	4599	0	0	0	0
IS	4600	0	0	0	0
IS	4601	1	1	0	0
IS	4602	0	0	0	0
IS	4603	0	0	0	0
IS	4604	0	0	0	0
IS	4605	0	0	0	0
IS	4606	0	0	0	0
IS	4607	0	0	0	0
IS	4608	0	0	0	0
IS	4609	0	0	0	0
IS	4610	0	0	0	0
IS	4611	0	0	0	0
IS	4612	0	0	0	0
IS	4613	0	0	0	0
IS	4614	0	0	0	0
IS	4615	0	0	0	0
IS	4616	0	0	0	0
IS	4617	0	0	0	0
IS	4618	0	0	0	0
IS	4619	0	0	0	0
IS	4620	0	0	0	0
IS	4621	0	0	0	0
IS	4622	0	0	0	0
IS	4623	0	0	0	0
IS	4624	0	0	0	0
IS	4625	0	0	0	0
IS	4626	0	0	0	0
IS	4627	0	0	0	0
IS	4628	0	0	0	0
IS	4629	1	1	0	0
IS	4630	0	0	0	0
IS	4631	0	0	0	0
IS	4632	0	0	0	0
IS	4633	0	0	0	0
IS	4634	0	0	0	0
IS	4635	0	0	0	0
IS	4636	0	0	0	0
IS	4637	0	0	0	0
IS	4638	0	0	0	0
IS	4639	0	0	0	0
IS	4640	0	0	0	0
IS	4641	0	0	0	0
IS	4642	0	0	0	0
IS	4643	0	0	0	0
IS	4644	1	1	0	0
IS	4645	0	0	0	0
IS	4646	0	0	0	0
IS	4647	0	0	0	0
IS	4648	0	0	0	0
IS	4649	0	0	0	0
IS	4650	0	0	0	0
IS	4651	0	0	0	0
IS	4652	0	0	0	0
IS	4653	0	0	0	0
IS	4654	0	0	0	0
IS	4655	0	0	0	0
IS	4656	0	0	0	0
IS	4657	0	0	0	0
IS	4658	0	0	0	0
IS	4659	0	0	0	0
IS	4660	0	0	0	0
IS	4661	1	1	0	0
IS	4662	0	0	0	0
IS	4663	0	0	0	0
IS	4664	0	0	0	0
IS	4665	0	0	0	0
IS	4666	1	1	0	0
IS	4667	0	0	0	0
IS	4668	0	0	0	0
IS	4669	0	0	0	0
IS	4670	0	0	0	0
IS	4671	0	0	0	0
IS	4672	0	0	0	0
IS	4673	0	0	0	0
IS	4674	0	0	0	0
IS	4675	0	0	0	0
IS	4676	0	0	0	0
IS	4677	0	0	0	0
IS	4678	0	0	0	0
IS	4679	0	0	0	0
IS	4680	0	0	0	0
IS	4681	0	0	0	0
IS	4682	0	0	0	0
IS	4683	0	0	0	0
IS	4684	0	0	0	0
IS	4685	0	0	0	0
IS	4686	0	0	0	0
IS	4687	0	0	0	0
IS	4688	0	0	0	0
IS	4689	0	0	0	0
IS	4690	0	0	0	0
IS	4691	0	0	0	0
IS	4692	0	0	0	0
IS	4693	0	0	0	0
IS	4694	0	0	0	0
IS	4695	0	0	0	0
IS	4696	0	0	0	0
IS	4697	0	0	0	0
IS	4698	0	0	0	0
IS	4699	0	0	0	0
IS	4700	0	0	0	0
IS	4701	0	0	0	0
IS	4702	0	0	0	0
IS	4703	0	0	0	0
IS	4704	0	0	0	0
IS	4705	0	0	0	0
IS	4706	0	0	0	0
IS	4707	0	0	0	0
IS	4708	0	0	0	0
IS	4709	0	0	0	0
IS	4710	0	0	0	0
IS	4711	0	0	0	0
IS	4712	0	0	0	0
IS	4713	0	0	0	0
IS	4714	0	0	0	0
IS	4715	0	0	0	0
IS	4716	0	0	0	0
IS	4717	0	0	0	0
IS	4718	0	0	0	0
IS	4719	0	0	0	0
IS	4720	0	0	0	0
IS	4721	0	0	0	0
IS	4722	0	0	0	0
IS	4723	0	0	0	0
IS	4724	0	0	0	0
IS	4725	0	0	0	0
IS	4726	0	0	0	0
IS	4727	0	0	0	0
IS	4728	0	0	0	0
IS	4729	0	0	0	0
IS	4730	0	0	0	0
IS	4731	0	0	0	0
IS	4732	0	0	0	0
IS	4733	0	0	0	0
IS	4734	0	0	0	0
IS	4735	0	0	0	0
IS	4736	0	0	0	0
IS	4737	0	0	0	0
IS	4738	0	0	0	0
IS	4739	0	0	0	0
IS	4740	0	0	0	0
IS	4741	0	0	0	0
IS	4742	0	0	0	0
IS	4743	0	0	0	0
IS	4744	0	0	0	0
IS	4745	0	0	0	0
IS	4746	1	1	0	0
IS	4747	0	0	0	0
IS	4748	0	0	0	0
IS	4749	0	0	0	0
IS	4750	0	0	0	0
IS	4751	0	0	0	0
IS	4752	0	0	0	0
IS	4753	0	0	0	0
IS	4754	0	0	0	0
IS	4755	0	0	0	0
IS	4756	0	0	0	0
IS	4757	0	0	0	0
IS	4758	0	0	0	0
IS	4759	0	0	0	0
IS	4760	0	0	0	0
IS	4761	0	0	0	0
IS	4762	0	0	0	0
IS	4763	0	0	0	0
IS	4764	0	0	0	0
IS	4765	0	0	0	0
IS	4766	0	0	0	0
IS	4767	0	0	0	0
IS	4768	0	0	0	0
IS	4769	0	0	0	0
IS	4770	0	0	0	0
IS	4771	0	0	0	0
IS	4772	0	0	0	0
IS	4773	0	0	0	0
IS	4774	0	0	0	0
IS	4775	0	0	0	0
IS	4776	0	0	0	0
IS	4777	0	0	0	0
IS	4778	0	0	0	0
IS	4779	0	0	0	0
IS	4780	0	0	0	0
IS	4781	0	0	0	0
IS	4782	0	0	0	0
IS	4783	0	0	0	0
IS	4784	0	0	0	0
IS	4785	0	0	0	0
IS	4786	0	0	0	0
IS	4787	0	0	0	0
IS	4788	0	0	0	0
IS	4789	0	0	0	0
IS	4790	0	0	0	0
IS	4791	0	0	0	0
IS	4792	0	0	0	0
IS	4793	0	0	0	0
IS	4794	0	0	0	0
IS	4795	0	0	0	0
IS	4796	0	0	0	0
IS	4797	0	0	0	0
IS	4798	0	0	0	0
IS	4799	0	0	0	0
IS	4800	0	0	0	0
IS	4801	0	0	0	0
IS	4802	0	0	0	0
IS	4803	0	0	0	0
IS	4804	0	0	0	0
IS	4805	0	0	0	0
IS	4806	0	0	0	0
IS	4807	0	0	0	0
IS	4808	0	0	0	0
IS	4809	0	0	0	0
IS	4810	0	0	0	0
IS	4811	0	0	0	0
IS	4812	0	0	0	0
IS	4813	0	0	0	0
IS	4814	0	0	0	0
IS	4815	0	0	0	0
IS	4816	0	0	0	0
IS	4817	0	0	0	0
IS	4818	0	0	0	0
IS	4819	0	0	0	0
IS	4820	0	0	0	0
IS	4821	0	0	0	0
IS	4822	0	0	0	0
IS	4823	0	0	0	0
IS	4824	0	0	0	0
IS	4825	0	0	0	0
IS	4826	0	0	0	0
IS	4827	0	0	0	0
IS	4828	0	0	0	0
IS	4829	0	0	0	0
IS	4830	0	0	0	0
IS	4831	0	0	0	0
IS	4832	0	0	0	0
IS	4833	0	0	0	0
IS	4834	0	0	0	0
IS	4835	0	0	0	0
IS	4836	0	0	0	0
IS	4837	0	0	0	0
IS	4838	0	0	0	0
IS	4839	0	0	0	0
IS	4840	0	0	0	0
IS	4841	0	0	0	0
IS	4842	0	0	0	0
IS	4843	0	0	0	0
IS	4844	0	0	0	0
IS	4845	0	0	0	0
IS	4846	0	0	0	0
IS	4847	0	0	0	0
IS	4848	0	0	0	0
IS	4849	0	0	0	0
IS	4850	0	0	0	0
IS	4851	0	0	0	0
IS	4852	0	0	0	0
IS	4853	0	0	0	0
IS	4854	0	0	0	0
IS	4855	0	0	0	0
IS	4856	0	0	0	0
IS	4857	0	0	0	0
IS	4858	0	0	0	0
IS	4859	0	0	0	0
IS	4860	0	0	0	0
IS	4861	0	0	0	0
IS	4862	0	0	0	0
IS	4863	0	0	0	0
IS	4864	0	0	0	0
IS	4865	0	0	0	0
IS	4866	0	0	0	0
IS	4867	0	0	0	0
IS	4868	0	0	0	0
IS	4869	0	0	0	0
IS	4870	0	0	0	0
IS	4871	0	0	0	0
IS	4872	0	0	0	0
IS	4873	0	0	0	0
IS	4874	0	0	0	0
IS	4875	0	0	0	0
IS	4876	0	0	0	0
IS	4877	0	0	0	0
IS	4878	0	0	0	0
IS	4879	0	0	0	0
IS	4880	0	0	0	0
IS	4881	0	0	0	0
IS	4882	0	0	0	0
IS	4883	0	0	0	0
IS	4884	0	0	0	0
IS	4885	0	0	0	0
IS	4886	0	0	0	0
IS	4887	0	0	0	0
IS	4888	0	0	0	0
IS	4889	0	0	0	0
IS	4890	0	0	0	0
IS	4891	0	0	0	0
IS	4892	0	0	0	0
IS	4893	0	0	0	0
IS	4894	0	0	0	0
IS	4895	0	0	0	0
IS	4896	0	0	0	0
IS	4897	0	0	0	0
IS	4898	0	0	0	0
IS	4899	0	0	0	0
IS	4900	0	0	0	0
IS	4901	0	0	0	0
IS	4902	0	0	0	0
IS	4903	0	0	0	0
IS	4904	0	0	0	0
IS	4905	0	0	0	0
IS	4906	0	0	0	0
IS	4907	0	0	0	0
IS	4908	0	0	0	0
IS	4909	0	0	0	0
IS	4910	0	0	0	0
IS	4911	0	0	0	0
IS	4912	0	0	0	0
IS	4913	0	0	0	0
IS	4914	0	0	0	0
IS	4915	0	0	0	0
IS	4916	1	1	0	0
IS	4917	0	0	0	0
IS	4918	0	0	0	0
IS	4919	0	0	0	0
IS	4920	0	0	0	0
IS	4921	0	0	0	0
IS	4922	0	0	0	0
IS	4923	0	0	0	0
IS	4924	0	0	0	0
IS	4925	0	0	0	0
IS	4926	0	0	0	0
IS	4927	0	0	0	0
IS	4928	0	0	0	0
IS	4929	0	0	0	0
IS	4930	0	0	0	0
IS	4931	0	0	0	0
IS	4932	0	0	0	0
IS	4933	0	0	0	0
IS	4934	0	0	0	0
IS	4935	0	0	0	0
IS	4936	0	0	0	0
IS	4937	0	0	0	0
IS	4938	0	0	0	0
IS	4939	0	0	0	0
IS	4940	0	0	0	0
IS	4941	0	0	0	0
IS	4942	0	0	0	0
IS	4943	0	0	0	0
IS	4944	0	0	0	0
IS	4945	0	0	0	0
IS	4946	0	0	0	0
IS	4947	0	0	0	0
IS	4948	0	0	0	0
IS	4949	0	0	0	0
IS	4950	0	0	0	0
IS	4951	0	0	0	0
IS	4952	0	0	0	0
IS	4953	0	0	0	0
IS	4954	0	0	0	0
IS	4955	0	0	0	0
IS	4956	0	0	0	0
IS	4957	0	0	0	0
IS	4958	0	0	0	0
IS	4959	0	0	0	0
IS	4960	0	0	0	0
IS	4961	0	0	0	0
IS	4962	0	0	0	0
IS	4963	0	0	0	0
IS	4964	0	0	0	0
IS	4965	0	0	0	0
IS	4966	0	0	0	0
IS	4967	0	0	0	0
IS	4968	0	0	0	0
IS	4969	0	0	0	0
IS	4970	0	0	0	0
IS	4971	0	0	0	0
IS	4972	0	0	0	0
IS	4973	1	1	0	0
IS	4974	0	0	0	0
IS	4975	0	0	0	0
IS	4976	0	0	0	0
IS	4977	0	0	0	0
IS	4978	0	0	0	0
IS	4979	1	1	0	0
IS	4980	0	0	0	0
IS	4981	1	1	0	0
IS	4982	0	0	0	0
IS	4983	0	0	0	0
IS	4984	0	0	0	0
IS	4985	0	0	0	0
IS	4986	0	0	0	0
IS	4987	0	0	0	0
IS	4988	0	0	0	0
IS	4989	0	0	0	0
IS	4990	0	0	0	0
IS	4991	0	0	0	0
IS	4992	0	0	0	0
IS	4993	0	0	0	0
IS	4994	0	0	0	0
IS	4995	0	0	0	0
IS	4996	0	0	0	0
IS	4997	1	1	0	0
IS	4998	0	0	0	0
IS	4999	0	0	0	0
IS	5000	0	0	0	0
IS	5001	0	0	0	0
IS	5002	0	0	0	0
IS	5003	1	1	0	0
IS	5004	0	0	0	0
IS	5005	0	0	0	0
IS	5006	1	1	0	0
IS	5007	0	0	0	0
IS	5008	0	0	0	0
IS	5009	0	0	0	0
IS	5010	0	0	0	0
IS	5011	0	0	0	0
IS	5012	0	0	0	0
IS	5013	0	0	0	0
IS	5014	0	0	0	0
IS	5015	0	0	0	0
IS	5016	0	0	0	0
IS	5017	0	0	0	0
IS	5018	0	0	0	0
IS	5019	0	0	0	0
IS	5020	1	1	0	0
IS	5021	0	0	0	0
IS	5022	0	0	0	0
IS	5023	0	0	0	0
IS	5024	0	0	0	0
IS	5025	0	0	0	0
IS	5026	0	0	0	0
IS	5027	0	0	0	0
IS	5028	0	0	0	0
IS	5029	0	0	0	0
IS	5030	0	0	0	0
IS	5031	0	0	0	0
IS	5032	0	0	0	0
IS	5033	0	0	0	0
IS	5034	0	0	0	0
IS	5035	0	0	0	0
IS	5036	0	0	0	0
IS	5037	0	0	0	0
IS	5038	0	0	0	0
IS	5039	0	0	0	0
IS	5040	0	0	0	0
IS	5041	0	0	0	0
IS	5042	0	0	0	0
IS	5043	0	0	0	0
IS	5044	0	0	0	0
IS	5045	0	0	0	0
IS	5046	0	0	0	0
IS	5047	0	0	0	0
IS	5048	0	0	0	0
IS	5049	0	0	0	0
IS	5050	1	1	0	0
IS	5051	0	0	0	0
IS	5052	0	0	0	0
IS	5053	0	0	0	0
IS	5054	0	0	0	0
IS	5055	0	0	0	0
IS	5056	0	0	0	0
IS	5057	1	1	0	0
IS	5058	0	0	0	0
IS	5059	0	0	0	0
IS	5060	0	0	0	0
IS	5061	0	0	0	0
IS	5062	0	0	0	0
IS	5063	0	0	0	0
IS	5064	0	0	0	0
IS	5065	0	0	0	0
IS	5066	0	0	0	0
IS	5067	0	0	0	0
IS	5068	0	0	0	0
IS	5069	0	0	0	0
IS	5070	1	1	0	0
IS	5071	0	0	0	0
IS	5072	0	0	0	0
IS	5073	1	1	0	0
IS	5074	0	0	0	0
IS	5075	0	0	0	0
IS	5076	0	0	0	0
IS	5077	0	0	0	0
IS	5078	0	0	0	0
IS	5079	0	0	0	0
IS	5080	0	0	0	0
IS	5081	0	0	0	0
IS	5082	0	0	0	0
IS	5083	0	0	0	0
IS	5084	0	0	0	0
IS	5085	0	0	0	0
IS	5086	0	0	0	0
IS	5087	0	0	0	0
IS	5088	0	0	0	0
IS	5089	0	0	0	0
IS	5090	0	0	0	0
IS	5091	0	0	0	0
IS	5092	0	0	0	0
IS	5093	0	0	0	0
IS	5094	0	0	0	0
IS	5095	0	0	0	0
IS	5096	0	0	0	0
IS	5097	0	0	0	0
IS	5098	0	0	0	0
IS	5099	0	0	0	0
IS	5100	0	0	0	0
IS	5101	0	0	0	0
IS	5102	0	0	0	0
IS	5103	0	0	0	0
IS	5104	0	0	0	0
IS	5105	0	0	0	0
IS	5106	0	0	0	0
IS	5107	0	0	0	0
IS	5108	0	0	0	0
IS	5109	0	0	0	0
IS	5110	0	0	0	0
IS	5111	0	0	0	0
IS	5112	0	0	0	0
IS	5113	0	0	0	0
IS	5114	0	0	0	0
IS	5115	0	0	0	0
IS	5116	0	0	0	0
IS	5117	0	0	0	0
IS	5118	0	0	0	0
IS	5119	0	0	0	0
IS	5120	0	0	0	0
IS	5121	0	0	0	0
IS	5122	0	0	0	0
IS	5123	0	0	0	0
IS	5124	0	0	0	0
IS	5125	0	0	0	0
IS	5126	0	0	0	0
IS	5127	0	0	0	0
IS	5128	0	0	0	0
IS	5129	0	0	0	0
IS	5130	0	0	0	0
IS	5131	0	0	0	0
IS	5132	0	0	0	0
IS	5133	0	0	0	0
IS	5134	0	0	0	0
IS	5135	0	0	0	0
IS	5136	0	0	0	0
IS	5137	0	0	0	0
IS	5138	0	0	0	0
IS	5139	0	0	0	0
IS	5140	0	0	0	0
IS	5141	0	0	0	0
IS	5142	0	0	0	0
IS	5143	0	0	0	0
IS	5144	0	0	0	0
IS	5145	0	0	0	0
IS	5146	0	0	0	0
IS	5147	0	0	0	0
IS	5148	0	0	0	0
IS	5149	0	0	0	0
IS	5150	0	0	0	0
IS	5151	0	0	0	0
IS	5152	0	0	0	0
IS	5153	0	0	0	0
IS	5154	0	0	0	0
IS	5155	0	0	0	0
IS	5156	0	0	0	0
IS	5157	0	0	0	0
IS	5158	0	0	0	0
IS	5159	0	0	0	0
IS	5160	0	0	0	0
IS	5161	0	0	0	0
IS	5162	0	0	0	0
IS	5163	0	0	0	0
IS	5164	0	0	0	0
IS	5165	1	1	0	0
IS	5166	0	0	0	0
IS	5167	0	0	0	0
IS	5168	0	0	0	0
IS	5169	0	0	0	0
IS	5170	0	0	0	0
IS	5171	0	0	0	0
IS	5172	0	0	0	0
IS	5173	0	0	0	0
IS	5174	0	0	0	0
IS	5175	1	1	0	0
IS	5176	0	0	0	0
IS	5177	0	0	0	0
IS	5178	0	0	0	0
IS	5179	1	1	0	0
IS	5180	0	0	0	0
IS	5181	0	0	0	0
IS	5182	0	0	0	0
IS	5183	0	0	0	0
IS	5184	0	0	0	0
IS	5185	0	0	0	0
IS	5186	0	0	0	0
IS	5187	0	0	0	0
IS	5188	1	1	0	0
IS	5189	0	0	0	0
IS	5190	0	0	0	0
IS	5191	0	0	0	0
IS	5192	0	0	0	0
IS	5193	0	0	0	0
IS	5194	0	0	0	0
IS	5195	0	0	0	0
IS	5196	0	0	0	0
IS	5197	0	0	0	0
IS	5198	0	0	0	0
IS	5199	0	0	0	0
IS	5200	0	0	0	0
IS	5201	1	1	0	0
IS	5202	0	0	0	0
IS	5203	0	0	0	0
IS	5204	0	0	0	0
IS	5205	0	0	0	0
IS	5206	0	0	0	0
IS	5207	0	0	0	0
IS	5208	0	0	0	0
IS	5209	0	0	0	0
IS	5210	0	0	0	0
IS	5211	0	0	0	0
IS	5212	1	1	0	0
IS	5213	0	0	0	0
IS	5214	0	0	0	0
IS	5215	0	0	0	0
IS	5216	0	0	0	0
IS	5217	0	0	0	0
IS	5218	0	0	0	0
IS	5219	0	0	0	0
IS	5220	0	0	0	0
IS	5221	0	0	0	0
IS	5222	0	0	0	0
IS	5223	0	0	0	0
IS	5224	0	0	0	0
IS	5225	0	0	0	0
IS	5226	0	0	0	0
IS	5227	0	0	0	0
IS	5228	0	0	0	0
IS	5229	0	0	0	0
IS	5230	0	0	0	0
IS	5231	0	0	0	0
IS	5232	0	0	0	0
IS	5233	0	0	0	0
IS	5234	0	0	0	0
IS	5235	1	1	0	0
IS	5236	0	0	0	0
IS	5237	0	0	0	0
IS	5238	0	0	0	0
IS	5239	0	0	0	0
IS	5240	0	0	0	0
IS	5241	0	0	0	0
IS	5242	0	0	0	0
IS	5243	0	0	0	0
IS	5244	1	1	0	0
IS	5245	0	0	0	0
IS	5246	0	0	0	0
IS	5247	0	0	0	0
IS	5248	0	0	0	0
IS	5249	0	0	0	0
IS	5250	0	0	0	0
IS	5251	0	0	0	0
IS	5252	1	1	0	0
IS	5253	0	0	0	0
IS	5254	0	0	0	0
IS	5255	0	0	0	0
IS	5256	0	0	0	0
IS	5257	0	0	0	0
IS	5258	0	0	0	0
IS	5259	0	0	0	0
IS	5260	0	0	0	0
IS	5261	0	0	0	0
IS	5262	0	0	0	0
IS	5263	0	0	0	0
IS	5264	0	0	0	0
IS	5265	0	0	0	0
IS	5266	0	0	0	0
IS	5267	0	0	0	0
IS	5268	0	0	0	0
IS	5269	0	0	0	0
IS	5270	0	0	0	0
IS	5271	0	0	0	0
IS	5272	0	0	0	0
IS	5273	0	0	0	0
IS	5274	0	0	0	0
IS	5275	0	0	0	0
IS	5276	0	0	0	0
IS	5277	0	0	0	0
IS	5278	0	0	0	0
IS	5279	0	0	0	0
IS	5280	0	0	0	0
IS	5281	1	1	0	0
IS	5282	0	0	0	0
IS	5283	0	0	0	0
IS	5284	0	0	0	0
IS	5285	0	0	0	0
IS	5286	1	1	0	0
IS	5287	0	0	0	0
IS	5288	0	0	0	0
IS	5289	1	1	0	0
IS	5290	0	0	0	0
IS	5291	0	0	0	0
IS	5292	0	0	0	0
IS	5293	0	0	0	0
IS	5294	0	0	0	0
IS	5295	0	0	0	0
IS	5296	0	0	0	0
IS	5297	0	0	0	0
IS	5298	0	0	0	0
IS	5299	0	0	0	0
IS	5300	0	0	0	0
IS	5301	0	0	0	0
IS	5302	0	0	0	0
IS	5303	0	0	0	0
IS	5304	0	0	0	0
IS	5305	0	0	0	0
IS	5306	0	0	0	0
IS	5307	0	0	0	0
IS	5308	1	1	0	0
IS	5309	0	0	0	0
IS	5310	0	0	0	0
IS	5311	0	0	0	0
IS	5312	0	0	0	0
IS	5313	0	0	0	0
IS	5314	0	0	0	0
IS	5315	0	0	0	0
IS	5316	1	1	0	0
IS	5317	0	0	0	0
IS	5318	0	0	0	0
IS	5319	0	0	0	0
IS	5320	0	0	0	0
IS	5321	0	0	0	0
IS	5322	0	0	0	0
IS	5323	0	0	0	0
IS	5324	0	0	0	0
IS	5325	0	0	0	0
IS	5326	1	1	0	0
IS	5327	0	0	0	0
IS	5328	0	0	0	0
IS	5329	0	0	0	0
IS	5330	0	0	0	0
IS	5331	0	0	0	0
IS	5332	0	0	0	0
IS	5333	0	0	0	0
IS	5334	0	0	0	0
IS	5335	0	0	0	0
IS	5336	0	0	0	0
IS	5337	1	1	0	0
IS	5338	1	1	0	0
IS	5339	0	0	0	0
IS	5340	0	0	0	0
IS	5341	0	0	0	0
IS	5342	0	0	0	0
IS	5343	0	0	0	0
IS	5344	0	0	0	0
IS	5345	0	0	0	0
IS	5346	0	0	0	0
IS	5347	0	0	0	0
IS	5348	0	0	0	0
IS	5349	0	0	0	0
IS	5350	0	0	0	0
IS	5351	0	0	0	0
IS	5352	0	0	0	0
IS	5353	0	0	0	0
IS	5354	0	0	0	0
IS	5355	0	0	0	0
IS	5356	0	0	0	0
IS	5357	0	0	0	0
IS	5358	0	0	0	0
IS	5359	0	0	0	0
IS	5360	0	0	0	0
IS	5361	0	0	0	0
IS	5362	0	0	0	0
IS	5363	0	0	0	0
IS	5364	0	0	0	0
IS	5365	0	0	0	0
IS	5366	0	0	0	0
IS	5367	0	0	0	0
IS	5368	0	0	0	0
IS	5369	1	1	0	0
IS	5370	0	0	0	0
IS	5371	0	0	0	0
IS	5372	1	1	0	0
IS	5373	1	1	0	0
IS	5374	0	0	0	0
IS	5375	0	0	0	0
IS	5376	0	0	0	0
IS	5377	0	0	0	0
IS	5378	0	0	0	0
IS	5379	0	0	0	0
IS	5380	0	0	0	0
IS	5381	0	0	0	0
IS	5382	0	0	0	0
IS	5383	0	0	0	0
IS	5384	0	0	0	0
IS	5385	0	0	0	0
IS	5386	0	0	0	0
IS	5387	1	1	0	0
IS	5388	0	0	0	0
IS	5389	0	0	0	0
IS	5390	1	1	0	0
IS	5391	1	1	0	0
IS	5392	0	0	0	0
IS	5393	0	0	0	0
IS	5394	2	2	0	0
IS	5395	3	3	0	0
IS	5396	0	0	0	0
IS	5397	1	1	0	0
IS	5398	0	0	0	0
IS	5399	0	0	0	0
IS	5400	0	0	0	0
IS	5401	0	0	0	0
IS	5402	0	0	0	0
IS	5403	0	0	0	0
IS	5404	0	0	0	0
IS	5405	0	0	0	0
IS	5406	1	1	0	0
IS	5407	0	0	0	0
IS	5408	0	0	0	0
IS	5409	0	0	0	0
IS	5410	0	0	0	0
IS	5411	1	1	0	0
IS	5412	0	0	0	0
IS	5413	0	0	0	0
IS	5414	0	0	0	0
IS	5415	0	0	0	0
IS	5416	0	0	0	0
IS	5417	0	0	0	0
IS	5418	0	0	0	0
IS	5419	0	0	0	0
IS	5420	0	0	0	0
IS	5421	1	1	0	0
IS	5422	0	0	0	0
IS	5423	0	0	0	0
IS	5424	0	0	0	0
IS	5425	0	0	0	0
IS	5426	1	1	0	0
IS	5427	0	0	0	0
IS	5428	1	1	0	0
IS	5429	1	1	0	0
IS	5430	0	0	0	0
IS	5431	0	0	0	0
IS	5432	0	0	0	0
IS	5433	0	0	0	0
IS	5434	0	0	0	0
IS	5435	0	0	0	0
IS	5436	0	0	0	0
IS	5437	0	0	0	0
IS	5438	1	1	0	0
IS	5439	0	0	0	0
IS	5440	0	0	0	0
IS	5441	1	1	0	0
IS	5442	0	0	0	0
IS	5443	2	2	0	0
IS	5444	0	0	0	0
IS	5445	0	0	0	0
IS	5446	1	1	0	0
IS	5447	0	0	0	0
IS	5448	0	0	0	0
IS	5449	0	0	0	0
IS	5450	0	0	0	0
IS	5451	0	0	0	0
IS	5452	0	0	0	0
IS	5453	2	2	0	0
IS	5454	1	1	0	0
IS	5455	1	1	0	0
IS	5456	0	0	0	0
IS	5457	1	1	0	0
IS	5458	0	0	0	0
IS	5459	0	0	0	0
IS	5460	0	0	0	0
IS	5461	0	0	0	0
IS	5462	0	0	0	0
IS	5463	0	0	0	0
IS	5464	0	0	0	0
IS	5465	0	0	0	0
IS	5466	0	0	0	0
IS	5467	0	0	0	0
IS	5468	0	0	0	0
IS	5469	0	0	0	0
IS	5470	0	0	0	0
IS	5471	0	0	0	0
IS	5472	0	0	0	0
IS	5473	0	0	0	0
IS	5474	0	0	0	0
IS	5475	1	1	0	0
IS	5476	0	0	0	0
IS	5477	0	0	0	0
IS	5478	1	1	0	0
IS	5479	0	0	0	0
IS	5480	0	0	0	0
IS	5481	0	0	0	0
IS	5482	0	0	0	0
IS	5483	0	0	0	0
IS	5484	1	1	0	0
IS	5485	1	1	0	0
IS	5486	0	0	0	0
IS	5487	0	0	0	0
IS	5488	1	1	0	0
IS	5489	0	0	0	0
IS	5490	1	1	0	0
IS	5491	0	0	0	0
IS	5492	0	0	0	0
IS	5493	0	0	0	0
IS	5494	0	0	0	0
IS	5495	0	0	0	0
IS	5496	0	0	0	0
IS	5497	0	0	0	0
IS	5498	0	0	0	0
IS	5499	0	0	0	0
IS	5500	1	1	0	0
IS	5501	0	0	0	0
IS	5502	0	0	0	0
IS	5503	0	0	0	0
IS	5504	1	1	0	0
IS	5505	0	0	0	0
IS	5506	0	0	0	0
IS	5507	1	1	0	0
IS	5508	0	0	0	0
IS	5509	0	0	0	0
IS	5510	1	1	0	0
IS	5511	0	0	0	0
IS	5512	0	0	0	0
IS	5513	0	0	0	0
IS	5514	0	0	0	0
IS	5515	0	0	0	0
IS	5516	0	0	0	0
IS	5517	0	0	0	0
IS	5518	0	0	0	0
IS	5519	0	0	0	0
IS	5520	0	0	0	0
IS	5521	0	0	0	0
IS	5522	0	0	0	0
IS	5523	0	0	0	0
IS	5524	0	0	0	0
IS	5525	0	0	0	0
IS	5526	0	0	0	0
IS	5527	0	0	0	0
IS	5528	0	0	0	0
IS	5529	0	0	0	0
IS	5530	0	0	0	0
IS	5531	0	0	0	0
IS	5532	0	0	0	0
IS	5533	0	0	0	0
IS	5534	0	0	0	0
IS	5535	0	0	0	0
IS	5536	0	0	0	0
IS	5537	1	1	0	0
IS	5538	0	0	0	0
IS	5539	1	1	0	0
IS	5540	0	0	0	0
IS	5541	0	0	0	0
IS	5542	0	0	0	0
IS	5543	0	0	0	0
IS	5544	0	0	0	0
IS	5545	0	0	0	0
IS	5546	0	0	0	0
IS	5547	0	0	0	0
IS	5548	1	1	0	0
IS	5549	0	0	0	0
IS	5550	0	0	0	0
IS	5551	0	0	0	0
IS	5552	0	0	0	0
IS	5553	0	0	0	0
IS	5554	0	0	0	0
IS	5555	0	0	0	0
IS	5556	0	0	0	0
IS	5557	0	0	0	0
IS	5558	0	0	0	0
IS	5559	0	0	0	0
IS	5560	0	0	0	0
IS	5561	0	0	0	0
IS	5562	0	0	0	0
IS	5563	0	0	0	0
IS	5564	0	0	0	0
IS	5565	0	0	0	0
IS	5566	0	0	0	0
IS	5567	0	0	0	0
IS	5568	0	0	0	0
IS	5569	0	0	0	0
IS	5570	0	0	0	0
IS	5571	0	0	0	0
IS	5572	0	0	0	0
IS	5573	0	0	0	0
IS	5574	0	0	0	0
IS	5575	0	0	0	0
IS	5576	0	0	0	0
IS	5577	0	0	0	0
IS	5578	0	0	0	0
IS	5579	0	0	0	0
IS	5580	0	0	0	0
IS	5581	0	0	0	0
IS	5582	0	0	0	0
IS	5583	0	0	0	0
IS	5584	0	0	0	0
IS	5585	0	0	0	0
IS	5586	0	0	0	0
IS	5587	0	0	0	0
IS	5588	0	0	0	0
IS	5589	0	0	0	0
IS	5590	0	0	0	0
IS	5591	0	0	0	0
IS	5592	0	0	0	0
IS	5593	0	0	0	0
IS	5594	0	0	0	0
IS	5595	1	1	0	0
IS	5596	0	0	0	0
IS	5597	0	0	0	0
IS	5598	0	0	0	0
IS	5599	0	0	0	0
IS	5600	0	0	0	0
IS	5601	0	0	0	0
IS	5602	0	0	0	0
IS	5603	0	0	0	0
IS	5604	0	0	0	0
IS	5605	1	1	0	0
IS	5606	0	0	0	0
IS	5607	0	0	0	0
IS	5608	0	0	0	0
IS	5609	0	0	0	0
IS	5610	0	0	0	0
IS	5611	0	0	0	0
IS	5612	0	0	0	0
IS	5613	0	0	0	0
IS	5614	0	0	0	0
IS	5615	0	0	0	0
IS	5616	1	1	0	0
IS	5617	0	0	0	0
IS	5618	0	0	0	0
IS	5619	0	0	0	0
IS	5620	0	0	0	0
IS	5621	0	0	0	0
IS	5622	0	0	0	0
IS	5623	0	0	0	0
IS	5624	0	0	0	0
IS	5625	0	0	0	0
IS	5626	0	0	0	0
IS	5627	1	1	0	0
IS	5628	0	0	0	0
IS	5629	0	0	0	0
IS	5630	0	0	0	0
IS	5631	2	2	0	0
IS	5632	0	0	0	0
IS	5633	0	0	0	0
IS	5634	0	0	0	0
IS	5635	1	1	0	0
IS	5636	0	0	0	0
IS	5637	0	0	0	0
IS	5638	0	0	0	0
IS	5639	0	0	0	0
IS	5640	0	0	0	0
IS	5641	0	0	0	0
IS	5642	1	1	0	0
IS	5643	0	0	0	0
IS	5644	0	0	0	0
IS	5645	0	0	0	0
IS	5646	0	0	0	0
IS	5647	0	0	0	0
IS	5648	0	0	0	0
IS	5649	1	1	0	0
IS	5650	0	0	0	0
IS	5651	0	0	0	0
IS	5652	0	0	0	0
IS	5653	0	0	0	0
IS	5654	0	0	0	0
IS	5655	0	0	0	0
IS	5656	0	0	0	0
IS	5657	0	0	0	0
IS	5658	0	0	0	0
IS	5659	2	2	0	0
IS	5660	0	0	0	0
IS	5661	0	0	0	0
IS	5662	0	0	0	0
IS	5663	0	0	0	0
IS	5664	0	0	0	0
IS	5665	0	0	0	0
IS	5666	0	0	0	0
IS	5667	0	0	0	0
IS	5668	0	0	0	0
IS	5669	0	0	0	0
IS	5670	0	0	0	0
IS	5671	1	1	0	0
IS	5672	0	0	0	0
IS	5673	0	0	0	0
IS	5674	0	0	0	0
IS	5675	0	0	0	0
IS	5676	0	0	0	0
IS	5677	0	0	0	0
IS	5678	0	0	0	0
IS	5679	0	0	0	0
IS	5680	0	0	0	0
IS	5681	0	0	0	0
IS	5682	0	0	0	0
IS	5683	0	0	0	0
IS	5684	0	0	0	0
IS	5685	1	1	0	0
IS	5686	0	0	0	0
IS	5687	0	0	0	0
IS	5688	0	0	0	0
IS	5689	0	0	0	0
IS	5690	0	0	0	0
IS	5691	0	0	0	0
IS	5692	0	0	0	0
IS	5693	0	0	0	0
IS	5694	0	0	0	0
IS	5695	0	0	0	0
IS	5696	0	0	0	0
IS	5697	0	0	0	0
IS	5698	0	0	0	0
IS	5699	0	0	0	0
IS	5700	0	0	0	0
IS	5701	0	0	0	0
IS	5702	0	0	0	0
IS	5703	0	0	0	0
IS	5704	0	0	0	0
IS	5705	0	0	0	0
IS	5706	0	0	0	0
IS	5707	0	0	0	0
IS	5708	0	0	0	0
IS	5709	0	0	0	0
IS	5710	0	0	0	0
IS	5711	0	0	0	0
IS	5712	0	0	0	0
IS	5713	0	0	0	0
IS	5714	0	0	0	0
IS	5715	1	1	0	0
IS	5716	0	0	0	0
IS	5717	0	0	0	0
IS	5718	0	0	0	0
IS	5719	0	0	0	0
IS	5720	0	0	0	0
IS	5721	0	0	0	0
IS	5722	1	1	0	0
IS	5723	1	1	0	0
IS	5724	0	0	0	0
IS	5725	0	0	0	0
IS	5726	0	0	0	0
IS	5727	0	0	0	0
IS	5728	0	0	0	0
IS	5729	0	0	0	0
IS	5730	0	0	0	0
IS	5731	0	0	0	0
IS	5732	0	0	0	0
IS	5733	0	0	0	0
IS	5734	0	0	0	0
IS	5735	0	0	0	0
IS	5736	0	0	0	0
IS	5737	0	0	0	0
IS	5738	0	0	0	0
IS	5739	0	0	0	0
IS	5740	0	0	0	0
IS	5741	0	0	0	0
IS	5742	0	0	0	0
IS	5743	0	0	0	0
IS	5744	0	0	0	0
IS	5745	0	0	0	0
IS	5746	0	0	0	0
IS	5747	0	0	0	0
IS	5748	0	0	0	0
IS	5749	0	0	0	0
IS	5750	0	0	0	0
IS	5751	0	0	0	0
IS	5752	0	0	0	0
IS	5753	0	0	0	0
IS	5754	0	0	0	0
IS	5755	0	0	0	0
IS	5756	1	1	0	0
IS	5757	0	0	0	0
IS	5758	0	0	0	0
IS	5759	0	0	0	0
IS	5760	0	0	0	0
IS	5761	0	0	0	0
IS	5762	0	0	0	0
IS	5763	0	0	0	0
IS	5764	0	0	0	0
IS	5765	0	0	0	0
IS	5766	0	0	0	0
IS	5767	1	1	0	0
IS	5768	0	0	0	0
IS	5769	0	0	0	0
IS	5770	0	0	0	0
IS	5771	1	1	0	0
IS	5772	0	0	0	0
IS	5773	0	0	0	0
IS	5774	0	0	0	0
IS	5775	0	0	0	0
IS	5776	0	0	0	0
IS	5777	0	0	0	0
IS	5778	0	0	0	0
IS	5779	0	0	0	0
IS	5780	0	0	0	0
IS	5781	0	0	0	0
IS	5782	0	0	0	0
IS	5783	0	0	0	0
IS	5784	0	0	0	0
IS	5785	0	0	0	0
IS	5786	0	0	0	0
IS	5787	0	0	0	0
IS	5788	1	1	0	0
IS	5789	0	0	0	0
IS	5790	0	0	0	0
IS	5791	0	0	0	0
IS	5792	0	0	0	0
IS	5793	1	1	0	0
IS	5794	0	0	0	0
IS	5795	0	0	0	0
IS	5796	0	0	0	0
IS	5797	1	1	0	0
IS	5798	0	0	0	0
IS	5799	0	0	0	0
IS	5800	0	0	0	0
IS	5801	0	0	0	0
IS	5802	0	0	0	0
IS	5803	0	0	0	0
IS	5804	0	0	0	0
IS	5805	0	0	0	0
IS	5806	0	0	0	0
IS	5807	0	0	0	0
IS	5808	1	1	0	0
IS	5809	1	1	0	0
IS	5810	2	2	0	0
IS	5811	0	0	0	0
IS	5812	0	0	0	0
IS	5813	0	0	0	0
IS	5814	1	1	0	0
IS	5815	0	0	0	0
IS	5816	0	0	0	0
IS	5817	0	0	0	0
IS	5818	0	0	0	0
IS	5819	0	0	0	0
IS	5820	0	0	0	0
IS	5821	1	1	0	0
IS	5822	0	0	0	0
IS	5823	0	0	0	0
IS	5824	0	0	0	0
IS	5825	0	0	0	0
IS	5826	0	0	0	0
IS	5827	0	0	0	0
IS	5828	0	0	0	0
IS	5829	0	0	0	0
IS	5830	0	0	0	0
IS	5831	0	0	0	0
IS	5832	0	0	0	0
IS	5833	0	0	0	0
IS	5834	0	0	0	0
IS	5835	0	0	0	0
IS	5836	0	0	0	0
IS	5837	0	0	0	0
IS	5838	0	0	0	0
IS	5839	0	0	0	0
IS	5840	0	0	0	0
IS	5841	0	0	0	0
IS	5842	0	0	0	0
IS	5843	0	0	0	0
IS	5844	0	0	0	0
IS	5845	0	0	0	0
IS	5846	0	0	0	0
IS	5847	0	0	0	0
IS	5848	0	0	0	0
IS	5849	0	0	0	0
IS	5850	0	0	0	0
IS	5851	0	0	0	0
IS	5852	0	0	0	0
IS	5853	0	0	0	0
IS	5854	0	0	0	0
IS	5855	0	0	0	0
IS	5856	0	0	0	0
IS	5857	0	0	0	0
IS	5858	0	0	0	0
IS	5859	0	0	0	0
IS	5860	0	0	0	0
IS	5861	0	0	0	0
IS	5862	0	0	0	0
IS	5863	0	0	0	0
IS	5864	0	0	0	0
IS	5865	0	0	0	0
IS	5866	0	0	0	0
IS	5867	0	0	0	0
IS	5868	0	0	0	0
IS	5869	0	0	0	0
IS	5870	1	1	0	0
IS	5871	0	0	0	0
IS	5872	0	0	0	0
IS	5873	0	0	0	0
IS	5874	0	0	0	0
IS	5875	0	0	0	0
IS	5876	0	0	0	0
IS	5877	0	0	0	0
IS	5878	0	0	0	0
IS	5879	0	0	0	0
IS	5880	1	1	0	0
IS	5881	0	0	0	0
IS	5882	1	1	0	0
IS	5883	0	0	0	0
IS	5884	0	0	0	0
IS	5885	0	0	0	0
IS	5886	0	0	0	0
IS	5887	1	1	0	0
IS	5888	1	1	0	0
IS	5889	0	0	0	0
IS	5890	0	0	0	0
IS	5891	0	0	0	0
IS	5892	0	0	0	0
IS	5893	1	1	0	0
IS	5894	1	1	0	0
IS	5895	1	1	0	0
IS	5896	0	0	0	0
IS	5897	1	1	0	0
IS	5898	0	0	0	0
IS	5899	0	0	0	0
IS	5900	1	1	0	0
IS	5901	0	0	0	0
IS	5902	0	0	0	0
IS	5903	0	0	0	0
IS	5904	0	0	0	0
IS	5905	0	0	0	0
IS	5906	0	0	0	0
IS	5907	0	0	0	0
IS	5908	0	0	0	0
IS	5909	0	0	0	0
IS	5910	0	0	0	0
IS	5911	0	0	0	0
IS	5912	0	0	0	0
IS	5913	0	0	0	0
IS	5914	0	0	0	0
IS	5915	0	0	0	0
IS	5916	1	1	0	0
IS	5917	0	0	0	0
IS	5918	0	0	0	0
IS	5919	1	1	0	0
IS	5920	0	0	0	0
IS	5921	0	0	0	0
IS	5922	0	0	0	0
IS	5923	0	0	0	0
IS	5924	0	0	0	0
IS	5925	0	0	0	0
IS	5926	0	0	0	0
IS	5927	0	0	0	0
IS	5928	0	0	0	0
IS	5929	0	0	0	0
IS	5930	0	0	0	0
IS	5931	0	0	0	0
IS	5932	0	0	0	0
IS	5933	0	0	0	0
IS	5934	2	2	0	0
IS	5935	0	0	0	0
IS	5936	0	0	0	0
IS	5937	0	0	0	0
IS	5938	0	0	0	0
IS	5939	0	0	0	0
IS	5940	0	0	0	0
IS	5941	1	1	0	0
IS	5942	0	0	0	0
IS	5943	0	0	0	0
IS	5944	0	0	0	0
IS	5945	0	0	0	0
IS	5946	0	0	0	0
IS	5947	0	0	0	0
IS	5948	0	0	0	0
IS	5949	0	0	0	0
IS	5950	0	0	0	0
IS	5951	0	0	0	0
IS	5952	0	0	0	0
IS	5953	0	0	0	0
IS	5954	0	0	0	0
IS	5955	0	0	0	0
IS	5956	0	0	0	0
IS	5957	0	0	0	0
IS	5958	0	0	0	0
IS	5959	0	0	0	0
IS	5960	1	1	0	0
IS	5961	0	0	0	0
IS	5962	0	0	0	0
IS	5963	0	0	0	0
IS	5964	0	0	0	0
IS	5965	0	0	0	0
IS	5966	0	0	0	0
IS	5967	0	0	0	0
IS	5968	0	0	0	0
IS	5969	0	0	0	0
IS	5970	0	0	0	0
IS	5971	0	0	0	0
IS	5972	0	0	0	0
IS	5973	0	0	0	0
IS	5974	0	0	0	0
IS	5975	1	1	0	0
IS	5976	0	0	0	0
IS	5977	1	1	0	0
IS	5978	0	0	0	0
IS	5979	0	0	0	0
IS	5980	0	0	0	0
IS	5981	1	1	0	0
IS	5982	0	0	0	0
IS	5983	0	0	0	0
IS	5984	0	0	0	0
IS	5985	0	0	0	0
IS	5986	0	0	0	0
IS	5987	0	0	0	0
IS	5988	0	0	0	0
IS	5989	0	0	0	0
IS	5990	0	0	0	0
IS	5991	0	0	0	0
IS	5992	0	0	0	0
IS	5993	0	0	0	0
IS	5994	0	0	0	0
IS	5995	0	0	0	0
IS	5996	0	0	0	0
IS	5997	0	0	0	0
IS	5998	1	1	0	0
IS	5999	0	0	0	0
IS	6000	0	0	0	0
IS	6001	0	0	0	0
IS	6002	0	0	0	0
IS	6003	0	0	0	0
IS	6004	0	0	0	0
IS	6005	0	0	0	0
IS	6006	0	0	0	0
IS	6007	1	1	0	0
IS	6008	0	0	0	0
IS	6009	0	0	0	0
IS	6010	0	0	0	0
IS	6011	0	0	0	0
IS	6012	1	1	0	0
IS	6013	0	0	0	0
IS	6014	0	0	0	0
IS	6015	0	0	0	0
IS	6016	0	0	0	0
IS	6017	0	0	0	0
IS	6018	0	0	0	0
IS	6019	0	0	0	0
IS	6020	0	0	0	0
IS	6021	1	1	0	0
IS	6022	0	0	0	0
IS	6023	0	0	0	0
IS	6024	0	0	0	0
IS	6025	0	0	0	0
IS	6026	1	1	0	0
IS	6027	0	0	0	0
IS	6028	0	0	0	0
IS	6029	0	0	0	0
IS	6030	0	0	0	0
IS	6031	0	0	0	0
IS	6032	0	0	0	0
IS	6033	0	0	0	0
IS	6034	0	0	0	0
IS	6035	0	0	0	0
IS	6036	0	0	0	0
IS	6037	0	0	0	0
IS	6038	0	0	0	0
IS	6039	1	1	0	0
IS	6040	0	0	0	0
IS	6041	0	0	0	0
IS	6042	0	0	0	0
IS	6043	0	0	0	0
IS	6044	0	0	0	0
IS	6045	0	0	0	0
IS	6046	0	0	0	0
IS	6047	0	0	0	0
IS	6048	0	0	0	0
IS	6049	0	0	0	0
IS	6050	0	0	0	0
IS	6051	1	1	0	0
IS	6052	0	0	0	0
IS	6053	0	0	0	0
IS	6054	0	0	0	0
IS	6055	0	0	0	0
IS	6056	0	0	0	0
IS	6057	0	0	0	0
IS	6058	0	0	0	0
IS	6059	0	0	0	0
IS	6060	0	0	0	0
IS	6061	0	0	0	0
IS	6062	0	0	0	0
IS	6063	1	1	0	0
IS	6064	0	0	0	0
IS	6065	0	0	0	0
IS	6066	1	1	0	0
IS	6067	0	0	0	0
IS	6068	0	0	0	0
IS	6069	0	0	0	0
IS	6070	0	0	0	0
IS	6071	0	0	0	0
IS	6072	0	0	0	0
IS	6073	0	0	0	0
IS	6074	0	0	0	0
IS	6075	0	0	0	0
IS	6076	0	0	0	0
IS	6077	0	0	0	0
IS	6078	0	0	0	0
IS	6079	0	0	0	0
IS	6080	0	0	0	0
IS	6081	0	0	0	0
IS	6082	0	0	0	0
IS	6083	0	0	0	0
IS	6084	0	0	0	0
IS	6085	0	0	0	0
IS	6086	0	0	0	0
IS	6087	1	1	0	0
IS	6088	0	0	0	0
IS	6089	0	0	0	0
IS	6090	0	0	0	0
IS	6091	0	0	0	0
IS	6092	0	0	0	0
IS	6093	0	0	0	0
IS	6094	1	1	0	0
IS	6095	0	0	0	0
IS	6096	0	0	0	0
IS	6097	0	0	0	0
IS	6098	0	0	0	0
IS	6099	0	0	0	0
IS	6100	0	0	0	0
IS	6101	0	0	0	0
IS	6102	0	0	0	0
IS	6103	0	0	0	0
IS	6104	0	0	0	0
IS	6105	0	0	0	0
IS	6106	0	0	0	0
IS	6107	1	1	0	0
IS	6108	0	0	0	0
IS	6109	0	0	0	0
IS	6110	0	0	0	0
IS	6111	0	0	0	0
IS	6112	0	0	0	0
IS	6113	1	1	0	0
IS	6114	0	0	0	0
IS	6115	0	0	0	0
IS	6116	0	0	0	0
IS	6117	0	0	0	0
IS	6118	0	0	0	0
IS	6119	0	0	0	0
IS	6120	0	0	0	0
IS	6121	0	0	0	0
IS	6122	0	0	0	0
IS	6123	0	0	0	0
IS	6124	0	0	0	0
IS	6125	0	0	0	0
IS	6126	0	0	0	0
IS	6127	0	0	0	0
IS	6128	0	0	0	0
IS	6129	0	0	0	0
IS	6130	0	0	0	0
IS	6131	0	0	0	0
IS	6132	0	0	0	0
IS	6133	0	0	0	0
IS	6134	0	0	0	0
IS	6135	0	0	0	0
IS	6136	0	0	0	0
IS	6137	1	1	0	0
IS	6138	0	0	0	0
IS	6139	0	0	0	0
IS	6140	0	0	0	0
IS	6141	0	0	0	0
IS	6142	0	0	0	0
IS	6143	0	0	0	0
IS	6144	0	0	0	0
IS	6145	0	0	0	0
IS	6146	0	0	0	0
IS	6147	0	0	0	0
IS	6148	0	0	0	0
IS	6149	0	0	0	0
IS	6150	0	0	0	0
IS	6151	0	0	0	0
IS	6152	0	0	0	0
IS	6153	0	0	0	0
IS	6154	1	1	0	0
IS	6155	0	0	0	0
IS	6156	0	0	0	0
IS	6157	0	0	0	0
IS	6158	0	0	0	0
IS	6159	0	0	0	0
IS	6160	0	0	0	0
IS	6161	0	0	0	0
IS	6162	0	0	0	0
IS	6163	0	0	0	0
IS	6164	0	0	0	0
IS	6165	0	0	0	0
IS	6166	0	0	0	0
IS	6167	0	0	0	0
IS	6168	0	0	0	0
IS	6169	0	0	0	0
IS	6170	0	0	0	0
IS	6171	0	0	0	0
IS	6172	0	0	0	0
IS	6173	1	1	0	0
IS	6174	0	0	0	0
IS	6175	0	0	0	0
IS	6176	0	0	0	0
IS	6177	0	0	0	0
IS	6178	0	0	0	0
IS	6179	0	0	0	0
IS	6180	0	0	0	0
IS	6181	0	0	0	0
IS	6182	0	0	0	0
IS	6183	0	0	0	0
IS	6184	0	0	0	0
IS	6185	0	0	0	0
IS	6186	0	0	0	0
IS	6187	0	0	0	0
IS	6188	0	0	0	0
IS	6189	0	0	0	0
IS	6190	0	0	0	0
IS	6191	0	0	0	0
IS	6192	0	0	0	0
IS	6193	0	0	0	0
IS	6194	0	0	0	0
IS	6195	0	0	0	0
IS	6196	0	0	0	0
IS	6197	0	0	0	0
IS	6198	0	0	0	0
IS	6199	0	0	0	0
IS	6200	0	0	0	0
IS	6201	0	0	0	0
IS	6202	0	0	0	0
IS	6203	0	0	0	0
IS	6204	1	1	0	0
IS	6205	0	0	0	0
IS	6206	0	0	0	0
IS	6207	0	0	0	0
IS	6208	0	0	0	0
IS	6209	0	0	0	0
IS	6210	0	0	0	0
IS	6211	0	0	0	0
IS	6212	0	0	0	0
IS	6213	0	0	0	0
IS	6214	0	0	0	0
IS	6215	1	1	0	0
IS	6216	0	0	0	0
IS	6217	0	0	0	0
IS	6218	0	0	0	0
IS	6219	1	1	0	0
IS	6220	0	0	0	0
IS	6221	0	0	0	0
IS	6222	0	0	0	0
IS	6223	0	0	0	0
IS	6224	0	0	0	0
IS	6225	0	0	0	0
IS	6226	0	0	0	0
IS	6227	0	0	0	0
IS	6228	0	0	0	0
IS	6229	0	0	0	0
IS	6230	0	0	0	0
IS	6231	0	0	0	0
IS	6232	1	1	0	0
IS	6233	0	0	0	0
IS	6234	0	0	0	0
IS	6235	0	0	0	0
IS	6236	0	0	0	0
IS	6237	0	0	0	0
IS	6238	0	0	0	0
IS	6239	0	0	0	0
IS	6240	0	0	0	0
IS	6241	0	0	0	0
IS	6242	0	0	0	0
IS	6243	1	1	0	0
IS	6244	0	0	0	0
IS	6245	0	0	0	0
IS	6246	0	0	0	0
IS	6247	0	0	0	0
IS	6248	0	0	0	0
IS	6249	1	1	0	0
IS	6250	0	0	0	0
IS	6251	0	0	0	0
IS	6252	0	0	0	0
IS	6253	0	0	0	0
IS	6254	0	0	0	0
IS	6255	1	1	0	0
IS	6256	0	0	0	0
IS	6257	0	0	0	0
IS	6258	0	0	0	0
IS	6259	0	0	0	0
IS	6260	0	0	0	0
IS	6261	0	0	0	0
IS	6262	0	0	0	0
IS	6263	0	0	0	0
IS	6264	0	0	0	0
IS	6265	0	0	0	0
IS	6266	0	0	0	0
IS	6267	0	0	0	0
IS	6268	0	0	0	0
IS	6269	0	0	0	0
IS	6270	0	0	0	0
IS	6271	1	1	0	0
IS	6272	0	0	0	0
IS	6273	0	0	0	0
IS	6274	0	0	0	0
IS	6275	0	0	0	0
IS	6276	1	1	0	0
IS	6277	0	0	0	0
IS	6278	0	0	0	0
IS	6279	0	0	0	0
IS	6280	1	1	0	0
IS	6281	0	0	0	0
IS	6282	0	0	0	0
IS	6283	0	0	0	0
IS	6284	0	0	0	0
IS	6285	0	0	0	0
IS	6286	0	0	0	0
IS	6287	0	0	0	0
IS	6288	0	0	0	0
IS	6289	0	0	0	0
IS	6290	0	0	0	0
IS	6291	0	0	0	0
IS	6292	0	0	0	0
IS	6293	0	0	0	0
IS	6294	0	0	0	0
IS	6295	0	0	0	0
IS	6296	0	0	0	0
IS	6297	0	0	0	0
IS	6298	0	0	0	0
IS	6299	0	0	0	0
IS	6300	0	0	0	0
IS	6301	0	0	0	0
IS	6302	1	1	0	0
IS	6303	0	0	0	0
IS	6304	0	0	0	0
IS	6305	0	0	0	0
IS	6306	0	0	0	0
IS	6307	0	0	0	0
IS	6308	0	0	0	0
IS	6309	0	0	0	0
IS	6310	0	0	0	0
IS	6311	0	0	0	0
IS	6312	0	0	0	0
IS	6313	0	0	0	0
IS	6314	0	0	0	0
IS	6315	0	0	0	0
IS	6316	0	0	0	0
IS	6317	1	1	0	0
IS	6318	0	0	0	0
IS	6319	0	0	0	0
IS	6320	0	0	0	0
IS	6321	0	0	0	0
IS	6322	0	0	0	0
IS	6323	0	0	0	0
IS	6324	0	0	0	0
IS	6325	0	0	0	0
IS	6326	0	0	0	0
IS	6327	0	0	0	0
IS	6328	0	0	0	0
IS	6329	0	0	0	0
IS	6330	1	1	0	0
IS	6331	0	0	0	0
IS	6332	0	0	0	0
IS	6333	1	1	0	0
IS	6334	0	0	0	0
IS	6335	0	0	0	0
IS	6336	0	0	0	0
IS	6337	0	0	0	0
IS	6338	0	0	0	0
IS	6339	0	0	0	0
IS	6340	0	0	0	0
IS	6341	0	0	0	0
IS	6342	0	0	0	0
IS	6343	0	0	0	0
IS	6344	0	0	0	0
IS	6345	0	0	0	0
IS	6346	0	0	0	0
IS	6347	0	0	0	0
IS	6348	0	0	0	0
IS	6349	0	0	0	0
IS	6350	0	0	0	0
IS	6351	0	0	0	0
IS	6352	0	0	0	0
IS	6353	0	0	0	0
IS	6354	1	1	0	0
IS	6355	0	0	0	0
IS	6356	0	0	0	0
IS	6357	0	0	0	0
IS	6358	0	0	0	0
IS	6359	0	0	0	0
IS	6360	0	0	0	0
IS	6361	0	0	0	0
IS	6362	1	1	0	0
IS	6363	0	0	0	0
IS	6364	0	0	0	0
IS	6365	0	0	0	0
IS	6366	0	0	0	0
IS	6367	0	0	0	0
IS	6368	0	0	0	0
IS	6369	2	2	0	0
IS	6370	0	0	0	0
IS	6371	0	0	0	0
IS	6372	0	0	0	0
IS	6373	0	0	0	0
IS	6374	0	0	0	0
IS	6375	0	0	0	0
IS	6376	0	0	0	0
IS	6377	0	0	0	0
IS	6378	0	0	0	0
IS	6379	0	0	0	0
IS	6380	1	1	0	0
IS	6381	0	0	0	0
IS	6382	0	0	0	0
IS	6383	0	0	0	0
IS	6384	1	1	0	0
IS	6385	0	0	0	0
IS	6386	0	0	0	0
IS	6387	0	0	0	0
IS	6388	0	0	0	0
IS	6389	1	1	0	0
IS	6390	0	0	0	0
IS	6391	0	0	0	0
IS	6392	0	0	0	0
IS	6393	0	0	0	0
IS	6394	1	1	0	0
IS	6395	0	0	0	0
IS	6396	0	0	0	0
IS	6397	0	0	0	0
IS	6398	0	0	0	0
IS	6399	0	0	0	0
IS	6400	0	0	0	0
IS	6401	0	0	0	0
IS	6402	0	0	0	0
IS	6403	0	0	0	0
IS	6404	0	0	0	0
IS	6405	0	0	0	0
IS	6406	0	0	0	0
IS	6407	0	0	0	0
IS	6408	1	1	0	0
IS	6409	0	0	0	0
IS	6410	0	0	0	0
IS	6411	0	0	0	0
IS	6412	0	0	0	0
IS	6413	0	0	0	0
IS	6414	0	0	0	0
IS	6415	1	1	0	0
IS	6416	0	0	0	0
IS	6417	0	0	0	0
IS	6418	0	0	0	0
IS	6419	0	0	0	0
IS	6420	0	0	0	0
IS	6421	0	0	0	0
IS	6422	3	3	0	0
IS	6423	1	1	0	0
IS	6424	0	0	0	0
IS	6425	0	0	0	0
IS	6426	0	0	0	0
IS	6427	0	0	0	0
IS	6428	0	0	0	0
IS	6429	1	1	0	0
IS	6430	0	0	0	0
IS	6431	0	0	0	0
IS	6432	1	1	0	0
IS	6433	0	0	0	0
IS	6434	0	0	0	0
IS	6435	0	0	0	0
IS	6436	0	0	0	0
IS	6437	0	0	0	0
IS	6438	0	0	0	0
IS	6439	0	0	0	0
IS	6440	0	0	0	0
IS	6441	0	0	0	0
IS	6442	0	0	0	0
IS	6443	0	0	0	0
IS	6444	0	0	0	0
IS	6445	0	0	0	0
IS	6446	0	0	0	0
IS	6447	0	0	0	0
IS	6448	0	0	0	0
IS	6449	0	0	0	0
IS	6450	0	0	0	0
IS	6451	0	0	0	0
IS	6452	0	0	0	0
IS	6453	0	0	0	0
IS	6454	0	0	0	0
IS	6455	0	0	0	0
IS	6456	0	0	0	0
IS	6457	0	0	0	0
IS	6458	0	0	0	0
IS	6459	1	1	0	0
IS	6460	0	0	0	0
IS	6461	0	0	0	0
IS	6462	0	0	0	0
IS	6463	0	0	0	0
IS	6464	2	2	0	0
IS	6465	1	1	0	0
IS	6466	0	0	0	0
IS	6467	0	0	0	0
IS	6468	0	0	0	0
IS	6469	0	0	0	0
IS	6470	0	0	0	0
IS	6471	1	1	0	0
IS	6472	0	0	0	0
IS	6473	4	4	0	0
IS	6474	0	0	0	0
IS	6475	0	0	0	0
IS	6476	0	0	0	0
IS	6477	1	1	0	0
IS	6478	0	0	0	0
IS	6479	0	0	0	0
IS	6480	0	0	0	0
IS	6481	0	0	0	0
IS	6482	0	0	0	0
IS	6483	0	0	0	0
IS	6484	0	0	0	0
IS	6485	0	0	0	0
IS	6486	0	0	0	0
IS	6487	0	0	0	0
IS	6488	1	1	0	0
IS	6489	0	0	0	0
IS	6490	0	0	0	0
IS	6491	0	0	0	0
IS	6492	0	0	0	0
IS	6493	0	0	0	0
IS	6494	0	0	0	0
IS	6495	0	0	0	0
IS	6496	0	0	0	0
IS	6497	0	0	0	0
IS	6498	0	0	0	0
IS	6499	0	0	0	0
IS	6500	0	0	0	0
IS	6501	0	0	0	0
IS	6502	0	0	0	0
IS	6503	0	0	0	0
IS	6504	0	0	0	0
IS	6505	1	1	0	0
IS	6506	0	0	0	0
IS	6507	1	1	0	0
IS	6508	0	0	0	0
IS	6509	0	0	0	0
IS	6510	0	0	0	0
IS	6511	0	0	0	0
IS	6512	0	0	0	0
IS	6513	0	0	0	0
IS	6514	1	1	0	0
IS	6515	0	0	0	0
IS	6516	0	0	0	0
IS	6517	0	0	0	0
IS	6518	1	1	0	0
IS	6519	0	0	0	0
IS	6520	0	0	0	0
IS	6521	0	0	0	0
IS	6522	0	0	0	0
IS	6523	0	0	0	0
IS	6524	0	0	0	0
IS	6525	0	0	0	0
IS	6526	0	0	0	0
IS	6527	0	0	0	0
IS	6528	0	0	0	0
IS	6529	0	0	0	0
IS	6530	0	0	0	0
IS	6531	0	0	0	0
IS	6532	0	0	0	0
IS	6533	1	1	0	0
IS	6534	0	0	0	0
IS	6535	0	0	0	0
IS	6536	1	1	0	0
IS	6537	0	0	0	0
IS	6538	0	0	0	0
IS	6539	0	0	0	0
IS	6540	0	0	0	0
IS	6541	0	0	0	0
IS	6542	0	0	0	0
IS	6543	1	1	0	0
IS	6544	0	0	0	0
IS	6545	0	0	0	0
IS	6546	0	0	0	0
IS	6547	0	0	0	0
IS	6548	0	0	0	0
IS	6549	0	0	0	0
IS	6550	0	0	0	0
IS	6551	1	1	0	0
IS	6552	2	2	0	0
IS	6553	0	0	0	0
IS	6554	1	1	0	0
IS	6555	0	0	0	0
IS	6556	0	0	0	0
IS	6557	0	0	0	0
IS	6558	1	1	0	0
IS	6559	1	1	0	0
IS	6560	0	0	0	0
IS	6561	0	0	0	0
IS	6562	1	1	0	0
IS	6563	1	1	0	0
IS	6564	0	0	0	0
IS	6565	0	0	0	0
IS	6566	0	0	0	0
IS	6567	0	0	0	0
IS	6568	1	1	0	0
IS	6569	0	0	0	0
IS	6570	0	0	0	0
IS	6571	0	0	0	0
IS	6572	0	0	0	0
IS	6573	0	0	0	0
IS	6574	0	0	0	0
IS	6575	0	0	0	0
IS	6576	0	0	0	0
IS	6577	0	0	0	0
IS	6578	0	0	0	0
IS	6579	0	0	0	0
IS	6580	0	0	0	0
IS	6581	0	0	0	0
IS	6582	0	0	0	0
IS	6583	0	0	0	0
IS	6584	0	0	0	0
IS	6585	0	0	0	0
IS	6586	0	0	0	0
IS	6587	0	0	0	0
IS	6588	0	0	0	0
IS	6589	0	0	0	0
IS	6590	0	0	0	0
IS	6591	0	0	0	0
IS	6592	0	0	0	0
IS	6593	1	1	0	0
IS	6594	0	0	0	0
IS	6595	0	0	0	0
IS	6596	0	0	0	0
IS	6597	0	0	0	0
IS	6598	0	0	0	0
IS	6599	0	0	0	0
IS	6600	0	0	0	0
IS	6601	0	0	0	0
IS	6602	0	0	0	0
IS	6603	0	0	0	0
IS	6604	0	0	0	0
IS	6605	0	0	0	0
IS	6606	0	0	0	0
IS	6607	0	0	0	0
IS	6608	1	1	0	0
IS	6609	0	0	0	0
IS	6610	0	0	0	0
IS	6611	0	0	0	0
IS	6612	0	0	0	0
IS	6613	0	0	0	0
IS	6614	0	0	0	0
IS	6615	0	0	0	0
IS	6616	0	0	0	0
IS	6617	0	0	0	0
IS	6618	0	0	0	0
IS	6619	0	0	0	0
IS	6620	0	0	0	0
IS	6621	0	0	0	0
IS	6622	0	0	0	0
IS	6623	1	1	0	0
IS	6624	1	1	0	0
IS	6625	0	0	0	0
IS	6626	0	0	0	0
IS	6627	0	0	0	0
IS	6628	0	0	0	0
IS	6629	0	0	0	0
IS	6630	0	0	0	0
IS	6631	0	0	0	0
IS	6632	0	0	0	0
IS	6633	0	0	0	0
IS	6634	0	0	0	0
IS	6635	0	0	0	0
IS	6636	1	1	0	0
IS	6637	0	0	0	0
IS	6638	0	0	0	0
IS	6639	0	0	0	0
IS	6640	0	0	0	0
IS	6641	0	0	0	0
IS	6642	0	0	0	0
IS	6643	0	0	0	0
IS	6644	0	0	0	0
IS	6645	1	1	0	0
IS	6646	0	0	0	0
IS	6647	0	0	0	0
IS	6648	1	1	0	0
IS	6649	0	0	0	0
IS	6650	0	0	0	0
IS	6651	0	0	0	0
IS	6652	0	0	0	0
IS	6653	0	0	0	0
IS	6654	0	0	0	0
IS	6655	0	0	0	0
IS	6656	0	0	0	0
IS	6657	0	0	0	0
IS	6658	0	0	0	0
IS	6659	1	1	0	0
IS	6660	0	0	0	0
IS	6661	1	1	0	0
IS	6662	0	0	0	0
IS	6663	0	0	0	0
IS	6664	0	0	0	0
IS	6665	0	0	0	0
IS	6666	1	1	0	0
IS	6667	0	0	0	0
IS	6668	0	0	0	0
IS	6669	0	0	0	0
IS	6670	0	0	0	0
IS	6671	0	0	0	0
IS	6672	0	0	0	0
IS	6673	0	0	0	0
IS	6674	0	0	0	0
IS	6675	0	0	0	0
IS	6676	1	1	0	0
IS	6677	0	0	0	0
IS	6678	0	0	0	0
IS	6679	0	0	0	0
IS	6680	0	0	0	0
IS	6681	1	1	0	0
IS	6682	0	0	0	0
IS	6683	0	0	0	0
IS	6684	0	0	0	0
IS	6685	0	0	0	0
IS	6686	2	2	0	0
IS	6687	0	0	0	0
IS	6688	0	0	0	0
IS	6689	1	1	0	0
IS	6690	0	0	0	0
IS	6691	0	0	0	0
IS	6692	0	0	0	0
IS	6693	0	0	0	0
IS	6694	1	1	0	0
IS	6695	0	0	0	0
IS	6696	0	0	0	0
IS	6697	0	0	0	0
IS	6698	0	0	0	0
IS	6699	0	0	0	0
IS	6700	0	0	0	0
IS	6701	0	0	0	0
IS	6702	0	0	0	0
IS	6703	0	0	0	0
IS	6704	0	0	0	0
IS	6705	0	0	0	0
IS	6706	0	0	0	0
IS	6707	0	0	0	0
IS	6708	2	2	0	0
IS	6709	0	0	0	0
IS	6710	0	0	0	0
IS	6711	0	0	0	0
IS	6712	0	0	0	0
IS	6713	0	0	0	0
IS	6714	0	0	0	0
IS	6715	0	0	0	0
IS	6716	0	0	0	0
IS	6717	0	0	0	0
IS	6718	0	0	0	0
IS	6719	0	0	0	0
IS	6720	0	0	0	0
IS	6721	0	0	0	0
IS	6722	0	0	0	0
IS	6723	0	0	0	0
IS	6724	0	0	0	0
IS	6725	0	0	0	0
IS	6726	0	0	0	0
IS	6727	0	0	0	0
IS	6728	0	0	0	0
IS	6729	0	0	0	0
IS	6730	0	0	0	0
IS	6731	0	0	0	0
IS	6732	0	0	0	0
IS	6733	0	0	0	0
IS	6734	0	0	0	0
IS	6735	0	0	0	0
IS	6736	0	0	0	0
IS	6737	0	0	0	0
IS	6738	0	0	0	0
IS	6739	0	0	0	0
IS	6740	0	0	0	0
IS	6741	0	0	0	0
IS	6742	0	0	0	0
IS	6743	0	0	0	0
IS	6744	1	1	0	0
IS	6745	0	0	0	0
IS	6746	0	0	0	0
IS	6747	0	0	0	0
IS	6748	0	0	0	0
IS	6749	2	2	0	0
IS	6750	0	0	0	0
IS	6751	1	1	0	0
IS	6752	0	0	0	0
IS	6753	0	0	0	0
IS	6754	0	0	0	0
IS	6755	0	0	0	0
IS	6756	0	0	0	0
IS	6757	0	0	0	0
IS	6758	0	0	0	0
IS	6759	1	1	0	0
IS	6760	0	0	0	0
IS	6761	1	0	1	0
IS	6762	0	0	0	0
IS	6763	0	0	0	0
IS	6764	0	0	0	0
IS	6765	0	0	0	0
IS	6766	0	0	0	0
IS	6767	0	0	0	0
IS	6768	0	0	0	0
IS	6769	0	0	0	0
IS	6770	0	0	0	0
IS	6771	0	0	0	0
IS	6772	0	0	0	0
IS	6773	0	0	0	0
IS	6774	0	0	0	0
IS	6775	1	1	0	0
IS	6776	2	2	0	0
IS	6777	0	0	0	0
IS	6778	0	0	0	0
IS	6779	0	0	0	0
IS	6780	0	0	0	0
IS	6781	0	0	0	0
IS	6782	1	1	0	0
IS	6783	0	0	0	0
IS	6784	2	2	0	0
IS	6785	1	1	0	0
IS	6786	0	0	0	0
IS	6787	0	0	0	0
IS	6788	0	0	0	0
IS	6789	0	0	0	0
IS	6790	0	0	0	0
IS	6791	0	0	0	0
IS	6792	1	1	0	0
IS	6793	0	0	0	0
IS	6794	0	0	0	0
IS	6795	1	1	0	0
IS	6796	1	1	0	0
IS	6797	1	1	0	0
IS	6798	0	0	0	0
IS	6799	0	0	0	0
IS	6800	0	0	0	0
IS	6801	0	0	0	0
IS	6802	0	0	0	0
IS	6803	0	0	0	0
IS	6804	0	0	0	0
IS	6805	0	0	0	0
IS	6806	0	0	0	0
IS	6807	0	0	0	0
IS	6808	0	0	0	0
IS	6809	0	0	0	0
IS	6810	0	0	0	0
IS	6811	0	0	0	0
IS	6812	0	0	0	0
IS	6813	0	0	0	0
IS	6814	1	1	0	0
IS	6815	0	0	0	0
IS	6816	1	1	0	0
IS	6817	0	0	0	0
IS	6818	0	0	0	0
IS	6819	0	0	0	0
IS	6820	0	0	0	0
IS	6821	1	1	0	0
IS	6822	1	1	0	0
IS	6823	0	0	0	0
IS	6824	0	0	0	0
IS	6825	1	1	0	0
IS	6826	0	0	0	0
IS	6827	0	0	0	0
IS	6828	0	0	0	0
IS	6829	0	0	0	0
IS	6830	1	1	0	0
IS	6831	2	2	0	0
IS	6832	1	1	0	0
IS	6833	3	3	0	0
IS	6834	2	2	0	0
IS	6835	1	1	0	0
IS	6836	0	0	0	0
IS	6837	0	0	0	0
IS	6838	1	1	0	0
IS	6839	1	1	0	0
IS	6840	2	2	0	0
IS	6841	0	0	0	0
IS	6842	0	0	0	0
IS	6843	1	1	0	0
IS	6844	0	0	0	0
IS	6845	1	1	0	0
IS	6846	2	2	0	0
IS	6847	2	2	0	0
IS	6848	1	1	0	0
IS	6849	1	1	0	0
IS	6850	1	1	0	0
IS	6851	1	1	0	0
IS	6852	1	1	0	0
IS	6853	0	0	0	0
IS	6854	2	2	0	0
IS	6855	0	0	0	0
IS	6856	0	0	0	0
IS	6857	0	0	0	0
IS	6858	0	0	0	0
IS	6859	2	2	0	0
IS	6860	1	1	0	0
IS	6861	0	0	0	0
IS	6862	0	0	0	0
IS	6863	1	1	0	0
IS	6864	2	2	0	0
IS	6865	2	2	0	0
IS	6866	2	2	0	0
IS	6867	2	2	0	0
IS	6868	5	5	0	0
IS	6869	0	0	0	0
IS	6870	1	1	0	0
IS	6871	1	1	0	0
IS	6872	0	0	0	0
IS	6873	1	1	0	0
IS	6874	1	1	0	0
IS	6875	0	0	0	0
IS	6876	3	3	0	0
IS	6877	1	1	0	0
IS	6878	1	1	0	0
IS	6879	0	0	0	0
IS	6880	2	2	0	0
IS	6881	0	0	0	0
IS	6882	0	0	0	0
IS	6883	0	0	0	0
IS	6884	0	0	0	0
IS	6885	3	3	0	0
IS	6886	3	3	0	0
IS	6887	3	3	0	0
IS	6888	1	1	0	0
IS	6889	1	1	0	0
IS	6890	0	0	0	0
IS	6891	1	1	0	0
IS	6892	0	0	0	0
IS	6893	3	3	0	0
IS	6894	2	2	0	0
IS	6895	1	1	0	0
IS	6896	1	1	0	0
IS	6897	2	2	0	0
IS	6898	3	3	0	0
IS	6899	4	4	0	0
IS	6900	1	1	0	0
IS	6901	0	0	0	0
IS	6902	4	4	0	0
IS	6903	1	1	0	0
IS	6904	3	3	0	0
IS	6905	1	1	0	0
IS	6906	0	0	0	0
IS	6907	2	2	0	0
IS	6908	1	1	0	0
IS	6909	2	2	0	0
IS	6910	1	1	0	0
IS	6911	2	2	0	0
IS	6912	0	0	0	0
IS	6913	0	0	0	0
IS	6914	1	1	0	0
IS	6915	0	0	0	0
IS	6916	3	3	0	0
IS	6917	0	0	0	0
IS	6918	3	3	0	0
IS	6919	2	2	0	0
IS	6920	1	1	0	0
IS	6921	1	1	0	0
IS	6922	2	2	0	0
IS	6923	2	2	0	0
IS	6924	1	1	0	0
IS	6925	3	3	0	0
IS	6926	5	5	0	0
IS	6927	0	0	0	0
IS	6928	4	4	0	0
IS	6929	2	2	0	0
IS	6930	2	2	0	0
IS	6931	1	1	0	0
IS	6932	1	1	0	0
IS	6933	0	0	0	0
IS	6934	1	1	0	0
IS	6935	1	1	0	0
IS	6936	0	0	0	0
IS	6937	1	1	0	0
IS	6938	1	1	0	0
IS	6939	0	0	0	0
IS	6940	2	2	0	0
IS	6941	1	1	0	0
IS	6942	0	0	0	0
IS	6943	1	1	0	0
IS	6944	1	1	0	0
IS	6945	2	2	0	0
IS	6946	0	0	0	0
IS	6947	1	1	0	0
IS	6948	0	0	0	0
IS	6949	2	2	0	0
IS	6950	0	0	0	0
IS	6951	3	3	0	0
IS	6952	0	0	0	0
IS	6953	0	0	0	0
IS	6954	2	2	0	0
IS	6955	0	0	0	0
IS	6956	1	1	0	0
IS	6957	0	0	0	0
IS	6958	0	0	0	0
IS	6959	0	0	0	0
IS	6960	0	0	0	0
IS	6961	1	1	0	0
IS	6962	2	2	0	0
IS	6963	1	1	0	0
IS	6964	2	2	0	0
IS	6965	0	0	0	0
IS	6966	1	1	0	0
IS	6967	0	0	0	0
IS	6968	0	0	0	0
IS	6969	1	1	0	0
IS	6970	1	1	0	0
IS	6971	0	0	0	0
IS	6972	0	0	0	0
IS	6973	0	0	0	0
IS	6974	0	0	0	0
IS	6975	0	0	0	0
IS	6976	0	0	0	0
IS	6977	0	0	0	0
IS	6978	3	3	0	0
IS	6979	0	0	0	0
IS	6980	0	0	0	0
IS	6981	0	0	0	0
IS	6982	0	0	0	0
IS	6983	0	0	0	0
IS	6984	0	0	0	0
IS	6985	0	0	0	0
IS	6986	0	0	0	0
IS	6987	0	0	0	0
IS	6988	0	0	0	0
IS	6989	0	0	0	0
IS	6990	0	0	0	0
IS	6991	0	0	0	0
IS	6992	0	0	0	0
IS	6993	0	0	0	0
IS	6994	2	2	0	0
IS	6995	1	1	0	0
IS	6996	0	0	0	0
IS	6997	0	0	0	0
IS	6998	0	0	0	0
IS	6999	0	0	0	0
IS	7000	1	1	0	0
IS	7001	0	0	0	0
IS	7002	2	2	0	0
IS	7003	1	1	0	0
IS	7004	1	1	0	0
IS	7005	0	0	0	0
IS	7006	1	1	0	0
IS	7007	0	0	0	0
IS	7008	0	0	0	0
IS	7009	0	0	0	0
IS	7010	0	0	0	0
IS	7011	1	1	0	0
IS	7012	1	1	0	0
IS	7013	0	0	0	0
IS	7014	1	1	0	0
IS	7015	0	0	0	0
IS	7016	0	0	0	0
IS	7017	1	1	0	0
IS	7018	0	0	0	0
IS	7019	0	0	0	0
IS	7020	0	0	0	0
IS	7021	0	0	0	0
IS	7022	1	1	0	0
IS	7023	0	0	0	0
IS	7024	0	0	0	0
IS	7025	0	0	0	0
IS	7026	0	0	0	0
IS	7027	0	0	0	0
IS	7028	0	0	0	0
IS	7029	0	0	0	0
IS	7030	1	1	0	0
IS	7031	0	0	0	0
IS	7032	0	0	0	0
IS	7033	1	1	0	0
IS	7034	0	0	0	0
IS	7035	0	0	0	0
IS	7036	0	0	0	0
IS	7037	0	0	0	0
IS	7038	0	0	0	0
IS	7039	0	0	0	0
IS	7040	0	0	0	0
IS	7041	0	0	0	0
IS	7042	1	1	0	0
IS	7043	0	0	0	0
IS	7044	1	1	0	0
IS	7045	0	0	0	0
IS	7046	0	0	0	0
IS	7047	0	0	0	0
IS	7048	0	0	0	0
IS	7049	0	0	0	0
IS	7050	0	0	0	0
IS	7051	0	0	0	0
IS	7052	0	0	0	0
IS	7053	0	0	0	0
IS	7054	1	1	0	0
IS	7055	0	0	0	0
IS	7056	0	0	0	0
IS	7057	0	0	0	0
IS	7058	0	0	0	0
IS	7059	1	1	0	0
IS	7060	0	0	0	0
IS	7061	1	1	0	0
IS	7062	2	2	0	0
IS	7063	0	0	0	0
IS	7064	0	0	0	0
IS	7065	0	0	0	0
IS	7066	1	1	0	0
IS	7067	0	0	0	0
IS	7068	0	0	0	0
IS	7069	0	0	0	0
IS	7070	0	0	0	0
IS	7071	0	0	0	0
IS	7072	0	0	0	0
IS	7073	0	0	0	0
IS	7074	1	1	0	0
IS	7075	0	0	0	0
IS	7076	0	0	0	0
IS	7077	0	0	0	0
IS	7078	1	1	0	0
IS	7079	0	0	0	0
IS	7080	1	1	0	0
IS	7081	0	0	0	0
IS	7082	0	0	0	0
IS	7083	0	0	0	0
IS	7084	0	0	0	0
IS	7085	0	0	0	0
IS	7086	0	0	0	0
IS	7087	0	0	0	0
IS	7088	0	0	0	0
IS	7089	0	0	0	0
IS	7090	0	0	0	0
IS	7091	0	0	0	0
IS	7092	0	0	0	0
IS	7093	0	0	0	0
IS	7094	0	0	0	0
IS	7095	0	0	0	0
IS	7096	2	2	0	0
IS	7097	0	0	0	0
IS	7098	0	0	0	0
IS	7099	0	0	0	0
IS	7100	0	0	0	0
IS	7101	0	0	0	0
IS	7102	1	1	0	0
IS	7103	0	0	0	0
IS	7104	0	0	0	0
IS	7105	0	0	0	0
IS	7106	0	0	0	0
IS	7107	0	0	0	0
IS	7108	1	1	0	0
IS	7109	0	0	0	0
IS	7110	0	0	0	0
IS	7111	0	0	0	0
IS	7112	1	1	0	0
IS	7113	0	0	0	0
IS	7114	1	1	0	0
IS	7115	1	1	0	0
IS	7116	0	0	0	0
IS	7117	0	0	0	0
IS	7118	0	0	0	0
IS	7119	1	1	0	0
IS	7120	0	0	0	0
IS	7121	1	1	0	0
IS	7122	0	0	0	0
IS	7123	0	0	0	0
IS	7124	0	0	0	0
IS	7125	0	0	0	0
IS	7126	0	0	0	0
IS	7127	0	0	0	0
IS	7128	0	0	0	0
IS	7129	0	0	0	0
IS	7130	0	0	0	0
IS	7131	0	0	0	0
IS	7132	0	0	0	0
IS	7133	0	0	0	0
IS	7134	0	0	0	0
IS	7135	0	0	0	0
IS	7136	0	0	0	0
IS	7137	1	1	0	0
IS	7138	0	0	0	0
IS	7139	0	0	0	0
IS	7140	0	0	0	0
IS	7141	0	0	0	0
IS	7142	0	0	0	0
IS	7143	0	0	0	0
IS	7144	1	1	0	0
IS	7145	0	0	0	0
IS	7146	0	0	0	0
IS	7147	1	1	0	0
IS	7148	0	0	0	0
IS	7149	0	0	0	0
IS	7150	0	0	0	0
IS	7151	0	0	0	0
IS	7152	1	1	0	0
IS	7153	0	0	0	0
IS	7154	0	0	0	0
IS	7155	0	0	0	0
IS	7156	0	0	0	0
IS	7157	0	0	0	0
IS	7158	0	0	0	0
IS	7159	0	0	0	0
IS	7160	0	0	0	0
IS	7161	0	0	0	0
IS	7162	1	0	1	0
IS	7163	0	0	0	0
IS	7164	0	0	0	0
IS	7165	2	2	0	0
IS	7166	0	0	0	0
IS	7167	0	0	0	0
IS	7168	0	0	0	0
IS	7169	0	0	0	0
IS	7170	0	0	0	0
IS	7171	0	0	0	0
IS	7172	0	0	0	0
IS	7173	0	0	0	0
IS	7174	0	0	0	0
IS	7175	0	0	0	0
IS	7176	0	0	0	0
IS	7177	1	1	0	0
IS	7178	0	0	0	0
IS	7179	0	0	0	0
IS	7180	0	0	0	0
IS	7181	0	0	0	0
IS	7182	0	0	0	0
IS	7183	0	0	0	0
IS	7184	0	0	0	0
IS	7185	1	1	0	0
IS	7186	0	0	0	0
IS	7187	0	0	0	0
IS	7188	0	0	0	0
IS	7189	0	0	0	0
IS	7190	0	0	0	0
IS	7191	0	0	0	0
IS	7192	2	2	0	0
IS	7193	0	0	0	0
IS	7194	0	0	0	0
IS	7195	0	0	0	0
IS	7196	0	0	0	0
IS	7197	1	1	0	0
IS	7198	0	0	0	0
IS	7199	0	0	0	0
IS	7200	0	0	0	0
IS	7201	0	0	0	0
IS	7202	0	0	0	0
IS	7203	1	1	0	0
IS	7204	0	0	0	0
IS	7205	0	0	0	0
IS	7206	0	0	0	0
IS	7207	0	0	0	0
IS	7208	1	1	0	0
IS	7209	0	0	0	0
IS	7210	0	0	0	0
IS	7211	1	1	0	0
IS	7212	0	0	0	0
IS	7213	0	0	0	0
IS	7214	0	0	0	0
IS	7215	0	0	0	0
IS	7216	0	0	0	0
IS	7217	0	0	0	0
IS	7218	1	1	0	0
IS	7219	0	0	0	0
IS	7220	0	0	0	0
IS	7221	0	0	0	0
IS	7222	0	0	0	0
IS	7223	1	1	0	0
IS	7224	0	0	0	0
IS	7225	1	1	0	0
IS	7226	1	1	0	0
IS	7227	2	2	0	0
IS	7228	0	0	0	0
IS	7229	0	0	0	0
IS	7230	0	0	0	0
IS	7231	0	0	0	0
IS	7232	1	1	0	0
IS	7233	0	0	0	0
IS	7234	0	0	0	0
IS	7235	0	0	0	0
IS	7236	0	0	0	0
IS	7237	2	2	0	0
IS	7238	0	0	0	0
IS	7239	0	0	0	0
IS	7240	0	0	0	0
IS	7241	0	0	0	0
IS	7242	0	0	0	0
IS	7243	0	0	0	0
IS	7244	1	1	0	0
IS	7245	1	1	0	0
IS	7246	0	0	0	0
IS	7247	0	0	0	0
IS	7248	0	0	0	0
IS	7249	1	1	0	0
IS	7250	1	1	0	0
IS	7251	0	0	0	0
IS	7252	2	2	0	0
IS	7253	0	0	0	0
IS	7254	0	0	0	0
IS	7255	0	0	0	0
IS	7256	0	0	0	0
IS	7257	1	1	0	0
IS	7258	0	0	0	0
IS	7259	0	0	0	0
IS	7260	0	0	0	0
IS	7261	0	0	0	0
IS	7262	1	1	0	0
IS	7263	0	0	0	0
IS	7264	0	0	0	0
IS	7265	0	0	0	0
IS	7266	0	0	0	0
IS	7267	0	0	0	0
IS	7268	1	1	0	0
IS	7269	0	0	0	0
IS	7270	0	0	0	0
IS	7271	1	1	0	0
IS	7272	0	0	0	0
IS	7273	1	1	0	0
IS	7274	0	0	0	0
IS	7275	0	0	0	0
IS	7276	0	0	0	0
IS	7277	0	0	0	0
IS	7278	0	0	0	0
IS	7279	0	0	0	0
IS	7280	0	0	0	0
IS	7281	0	0	0	0
IS	7282	1	1	0	0
IS	7283	1	1	0	0
IS	7284	0	0	0	0
IS	7285	0	0	0	0
IS	7286	0	0	0	0
IS	7287	0	0	0	0
IS	7288	1	1	0	0
IS	7289	1	1	0	0
IS	7290	1	1	0	0
IS	7291	0	0	0	0
IS	7292	1	1	0	0
IS	7293	0	0	0	0
IS	7294	0	0	0	0
IS	7295	0	0	0	0
IS	7296	1	1	0	0
IS	7297	0	0	0	0
IS	7298	0	0	0	0
IS	7299	1	1	0	0
IS	7300	0	0	0	0
IS	7301	0	0	0	0
IS	7302	0	0	0	0
IS	7303	0	0	0	0
IS	7304	1	1	0	0
IS	7305	0	0	0	0
IS	7306	1	1	0	0
IS	7307	0	0	0	0
IS	7308	0	0	0	0
IS	7309	0	0	0	0
IS	7310	0	0	0	0
IS	7311	0	0	0	0
IS	7312	0	0	0	0
IS	7313	0	0	0	0
IS	7314	0	0	0	0
IS	7315	0	0	0	0
IS	7316	0	0	0	0
IS	7317	0	0	0	0
IS	7318	0	0	0	0
IS	7319	0	0	0	0
IS	7320	0	0	0	0
IS	7321	0	0	0	0
IS	7322	0	0	0	0
IS	7323	0	0	0	0
IS	7324	0	0	0	0
IS	7325	0	0	0	0
IS	7326	1	1	0	0
IS	7327	0	0	0	0
IS	7328	0	0	0	0
IS	7329	1	1	0	0
IS	7330	1	1	0	0
IS	7331	1	1	0	0
IS	7332	0	0	0	0
IS	7333	0	0	0	0
IS	7334	0	0	0	0
IS	7335	0	0	0	0
IS	7336	0	0	0	0
IS	7337	0	0	0	0
IS	7338	0	0	0	0
IS	7339	0	0	0	0
IS	7340	0	0	0	0
IS	7341	0	0	0	0
IS	7342	1	1	0	0
IS	7343	0	0	0	0
IS	7344	0	0	0	0
IS	7345	0	0	0	0
IS	7346	0	0	0	0
IS	7347	1	1	0	0
IS	7348	0	0	0	0
IS	7349	0	0	0	0
IS	7350	0	0	0	0
IS	7351	0	0	0	0
IS	7352	0	0	0	0
IS	7353	0	0	0	0
IS	7354	0	0	0	0
IS	7355	0	0	0	0
IS	7356	0	0	0	0
IS	7357	0	0	0	0
IS	7358	0	0	0	0
IS	7359	0	0	0	0
IS	7360	0	0	0	0
IS	7361	0	0	0	0
IS	7362	0	0	0	0
IS	7363	0	0	0	0
IS	7364	0	0	0	0
IS	7365	0	0	0	0
IS	7366	0	0	0	0
IS	7367	0	0	0	0
IS	7368	0	0	0	0
IS	7369	1	1	0	0
IS	7370	0	0	0	0
IS	7371	0	0	0	0
IS	7372	0	0	0	0
IS	7373	0	0	0	0
IS	7374	1	1	0	0
IS	7375	1	1	0	0
IS	7376	0	0	0	0
IS	7377	0	0	0	0
IS	7378	0	0	0	0
IS	7379	1	1	0	0
IS	7380	0	0	0	0
IS	7381	0	0	0	0
IS	7382	0	0	0	0
IS	7383	0	0	0	0
IS	7384	1	1	0	0
IS	7385	0	0	0	0
IS	7386	1	1	0	0
IS	7387	1	1	0	0
IS	7388	0	0	0	0
IS	7389	0	0	0	0
IS	7390	0	0	0	0
IS	7391	0	0	0	0
IS	7392	0	0	0	0
IS	7393	0	0	0	0
IS	7394	0	0	0	0
IS	7395	0	0	0	0
IS	7396	0	0	0	0
IS	7397	1	1	0	0
IS	7398	1	1	0	0
IS	7399	0	0	0	0
IS	7400	0	0	0	0
IS	7401	0	0	0	0
IS	7402	0	0	0	0
IS	7403	0	0	0	0
IS	7404	0	0	0	0
IS	7405	0	0	0	0
IS	7406	0	0	0	0
IS	7407	0	0	0	0
IS	7408	0	0	0	0
IS	7409	0	0	0	0
IS	7410	0	0	0	0
IS	7411	1	1	0	0
IS	7412	0	0	0	0
IS	7413	0	0	0	0
IS	7414	0	0	0	0
IS	7415	0	0	0	0
IS	7416	0	0	0	0
IS	7417	0	0	0	0
IS	7418	1	1	0	0
IS	7419	1	1	0	0
IS	7420	0	0	0	0
IS	7421	0	0	0	0
IS	7422	0	0	0	0
IS	7423	0	0	0	0
IS	7424	1	1	0	0
IS	7425	2	2	0	0
IS	7426	0	0	0	0
IS	7427	0	0	0	0
IS	7428	1	1	0	0
IS	7429	0	0	0	0
IS	7430	0	0	0	0
IS	7431	0	0	0	0
IS	7432	1	1	0	0
IS	7433	1	1	0	0
IS	7434	0	0	0	0
IS	7435	0	0	0	0
IS	7436	1	1	0	0
IS	7437	0	0	0	0
IS	7438	0	0	0	0
IS	7439	0	0	0	0
IS	7440	1	1	0	0
IS	7441	0	0	0	0
IS	7442	0	0	0	0
IS	7443	0	0	0	0
IS	7444	0	0	0	0
IS	7445	0	0	0	0
IS	7446	0	0	0	0
IS	7447	0	0	0	0
IS	7448	0	0	0	0
IS	7449	2	2	0	0
IS	7450	0	0	0	0
IS	7451	0	0	0	0
IS	7452	0	0	0	0
IS	7453	0	0	0	0
IS	7454	0	0	0	0
IS	7455	4	4	0	0
IS	7456	0	0	0	0
IS	7457	0	0	0	0
IS	7458	1	1	0	0
IS	7459	0	0	0	0
IS	7460	0	0	0	0
IS	7461	1	1	0	0
IS	7462	0	0	0	0
IS	7463	0	0	0	0
IS	7464	0	0	0	0
IS	7465	0	0	0	0
IS	7466	1	1	0	0
IS	7467	1	1	0	0
IS	7468	0	0	0	0
IS	7469	0	0	0	0
IS	7470	0	0	0	0
IS	7471	0	0	0	0
IS	7472	0	0	0	0
IS	7473	1	1	0	0
IS	7474	0	0	0	0
IS	7475	0	0	0	0
IS	7476	0	0	0	0
IS	7477	1	1	0	0
IS	7478	1	1	0	0
IS	7479	1	1	0	0
IS	7480	1	1	0	0
IS	7481	0	0	0	0
IS	7482	2	2	0	0
IS	7483	0	0	0	0
IS	7484	0	0	0	0
IS	7485	0	0	0	0
IS	7486	2	2	0	0
IS	7487	1	1	0	0
IS	7488	1	1	0	0
IS	7489	1	1	0	0
IS	7490	1	1	0	0
IS	7491	1	1	0	0
IS	7492	1	1	0	0
IS	7493	0	0	0	0
IS	7494	0	0	0	0
IS	7495	1	1	0	0
IS	7496	0	0	0	0
IS	7497	0	0	0	0
IS	7498	1	1	0	0
IS	7499	0	0	0	0
IS	7500	1	1	0	0
IS	7501	0	0	0	0
IS	7502	0	0	0	0
IS	7503	0	0	0	0
IS	7504	0	0	0	0
IS	7505	0	0	0	0
IS	7506	0	0	0	0
IS	7507	1	1	0	0
IS	7508	0	0	0	0
IS	7509	2	2	0	0
IS	7510	0	0	0	0
IS	7511	0	0	0	0
IS	7512	0	0	0	0
IS	7513	0	0	0	0
IS	7514	0	0	0	0
IS	7515	1	1	0	0
IS	7516	0	0	0	0
IS	7517	2	2	0	0
IS	7518	1	1	0	0
IS	7519	0	0	0	0
IS	7520	0	0	0	0
IS	7521	0	0	0	0
IS	7522	0	0	0	0
IS	7523	0	0	0	0
IS	7524	0	0	0	0
IS	7525	0	0	0	0
IS	7526	0	0	0	0
IS	7527	1	1	0	0
IS	7528	1	1	0	0
IS	7529	0	0	0	0
IS	7530	0	0	0	0
IS	7531	0	0	0	0
IS	7532	0	0	0	0
IS	7533	0	0	0	0
IS	7534	0	0	0	0
IS	7535	1	1	0	0
IS	7536	0	0	0	0
IS	7537	1	1	0	0
IS	7538	1	1	0	0
IS	7539	0	0	0	0
IS	7540	0	0	0	0
IS	7541	0	0	0	0
IS	7542	0	0	0	0
IS	7543	0	0	0	0
IS	7544	1	1	0	0
IS	7545	1	1	0	0
IS	7546	0	0	0	0
IS	7547	0	0	0	0
IS	7548	0	0	0	0
IS	7549	1	1	0	0
IS	7550	1	1	0	0
IS	7551	0	0	0	0
IS	7552	0	0	0	0
IS	7553	0	0	0	0
IS	7554	1	1	0	0
IS	7555	0	0	0	0
IS	7556	1	1	0	0
IS	7557	0	0	0	0
IS	7558	0	0	0	0
IS	7559	0	0	0	0
IS	7560	0	0	0	0
IS	7561	0	0	0	0
IS	7562	1	1	0	0
IS	7563	2	2	0	0
IS	7564	0	0	0	0
IS	7565	2	2	0	0
IS	7566	0	0	0	0
IS	7567	0	0	0	0
IS	7568	0	0	0	0
IS	7569	1	1	0	0
IS	7570	0	0	0	0
IS	7571	1	1	0	0
IS	7572	0	0	0	0
IS	7573	0	0	0	0
IS	7574	0	0	0	0
IS	7575	0	0	0	0
IS	7576	0	0	0	0
IS	7577	0	0	0	0
IS	7578	0	0	0	0
IS	7579	0	0	0	0
IS	7580	0	0	0	0
IS	7581	0	0	0	0
IS	7582	0	0	0	0
IS	7583	1	1	0	0
IS	7584	0	0	0	0
IS	7585	0	0	0	0
IS	7586	0	0	0	0
IS	7587	0	0	0	0
IS	7588	1	1	0	0
IS	7589	1	1	0	0
IS	7590	1	1	0	0
IS	7591	1	1	0	0
IS	7592	0	0	0	0
IS	7593	0	0	0	0
IS	7594	0	0	0	0
IS	7595	0	0	0	0
IS	7596	0	0	0	0
IS	7597	0	0	0	0
IS	7598	0	0	0	0
IS	7599	0	0	0	0
IS	7600	0	0	0	0
IS	7601	2	2	0	0
IS	7602	0	0	0	0
IS	7603	2	2	0	0
IS	7604	0	0	0	0
IS	7605	0	0	0	0
IS	7606	0	0	0	0
IS	7607	0	0	0	0
IS	7608	0	0	0	0
IS	7609	3	3	0	0
IS	7610	1	1	0	0
IS	7611	0	0	0	0
IS	7612	0	0	0	0
IS	7613	0	0	0	0
IS	7614	0	0	0	0
IS	7615	1	1	0	0
IS	7616	0	0	0	0
IS	7617	1	1	0	0
IS	7618	0	0	0	0
IS	7619	1	1	0	0
IS	7620	0	0	0	0
IS	7621	2	2	0	0
IS	7622	1	1	0	0
IS	7623	0	0	0	0
IS	7624	0	0	0	0
IS	7625	0	0	0	0
IS	7626	0	0	0	0
IS	7627	0	0	0	0
IS	7628	0	0	0	0
IS	7629	0	0	0	0
IS	7630	0	0	0	0
IS	7631	0	0	0	0
IS	7632	1	1	0	0
IS	7633	0	0	0	0
IS	7634	0	0	0	0
IS	7635	0	0	0	0
IS	7636	0	0	0	0
IS	7637	1	1	0	0
IS	7638	0	0	0	0
IS	7639	0	0	0	0
IS	7640	0	0	0	0
IS	7641	0	0	0	0
IS	7642	0	0	0	0
IS	7643	0	0	0	0
IS	7644	0	0	0	0
IS	7645	0	0	0	0
IS	7646	0	0	0	0
IS	7647	0	0	0	0
IS	7648	0	0	0	0
IS	7649	0	0	0	0
IS	7650	0	0	0	0
IS	7651	1	1	0	0
IS	7652	0	0	0	0
IS	7653	1	1	0	0
IS	7654	0	0	0	0
IS	7655	0	0	0	0
IS	7656	0	0	0	0
IS	7657	0	0	0	0
IS	7658	0	0	0	0
IS	7659	0	0	0	0
IS	7660	0	0	0	0
IS	7661	1	1	0	0
IS	7662	0	0	0	0
IS	7663	0	0	0	0
IS	7664	0	0	0	0
IS	7665	0	0	0	0
IS	7666	0	0	0	0
IS	7667	0	0	0	0
IS	7668	1	1	0	0
IS	7669	0	0	0	0
IS	7670	0	0	0	0
IS	7671	1	1	0	0
IS	7672	1	1	0	0
IS	7673	0	0	0	0
IS	7674	0	0	0	0
IS	7675	0	0	0	0
IS	7676	0	0	0	0
IS	7677	1	1	0	0
IS	7678	1	1	0	0
IS	7679	0	0	0	0
IS	7680	1	1	0	0
IS	7681	0	0	0	0
IS	7682	0	0	0	0
IS	7683	1	1	0	0
IS	7684	0	0	0	0
IS	7685	0	0	0	0
IS	7686	0	0	0	0
IS	7687	0	0	0	0
IS	7688	2	2	0	0
IS	7689	0	0	0	0
IS	7690	0	0	0	0
IS	7691	0	0	0	0
IS	7692	1	1	0	0
IS	7693	0	0	0	0
IS	7694	0	0	0	0
IS	7695	0	0	0	0
IS	7696	1	1	0	0
IS	7697	1	1	0	0
IS	7698	1	1	0	0
IS	7699	0	0	0	0
IS	7700	0	0	0	0
IS	7701	0	0	0	0
IS	7702	0	0	0	0
IS	7703	0	0	0	0
IS	7704	0	0	0	0
IS	7705	0	0	0	0
IS	7706	1	1	0	0
IS	7707	0	0	0	0
IS	7708	1	1	0	0
IS	7709	0	0	0	0
IS	7710	0	0	0	0
IS	7711	0	0	0	0
IS	7712	1	1	0	0
IS	7713	0	0	0	0
IS	7714	0	0	0	0
IS	7715	1	1	0	0
IS	7716	1	1	0	0
IS	7717	0	0	0	0
IS	7718	2	2	0	0
IS	7719	0	0	0	0
IS	7720	1	1	0	0
IS	7721	2	2	0	0
IS	7722	1	1	0	0
IS	7723	3	3	0	0
IS	7724	0	0	0	0
IS	7725	11	11	0	0
IS	7726	1	1	0	0
IS	7727	1	1	0	0
IS	7728	1	1	0	0
IS	7729	0	0	0	0
IS	7730	1	1	0	0
IS	7731	0	0	0	0
IS	7732	0	0	0	0
IS	7733	3	3	0	0
IS	7734	4	4	0	0
IS	7735	1	1	0	0
IS	7736	0	0	0	0
IS	7737	2	2	0	0
IS	7738	2	2	0	0
IS	7739	2	2	0	0
IS	7740	3	3	0	0
IS	7741	2	2	0	0
IS	7742	4	4	0	0
IS	7743	1	1	0	0
IS	7744	0	0	0	0
IS	7745	2	2	0	0
IS	7746	2	2	0	0
IS	7747	4	4	0	0
IS	7748	3	3	0	0
IS	7749	5	5	0	0
IS	7750	1	1	0	0
IS	7751	5	5	0	0
IS	7752	6	6	0	0
IS	7753	3	3	0	0
IS	7754	6	6	0	0
IS	7755	1	1	0	0
IS	7756	1	1	0	0
IS	7757	7	7	0	0
IS	7758	2	2	0	0
IS	7759	2	2	0	0
IS	7760	3	3	0	0
IS	7761	4	4	0	0
IS	7762	3	3	0	0
IS	7763	4	4	0	0
IS	7764	1	1	0	0
IS	7765	1	1	0	0
IS	7766	2	2	0	0
IS	7767	5	5	0	0
IS	7768	5	5	0	0
IS	7769	8	8	0	0
IS	7770	4	4	0	0
IS	7771	2	2	0	0
IS	7772	3	3	0	0
IS	7773	3	3	0	0
IS	7774	3	3	0	0
IS	7775	4	4	0	0
IS	7776	3	3	0	0
IS	7777	8	8	0	0
IS	7778	7	7	0	0
IS	7779	3	3	0	0
IS	7780	4	4	0	0
IS	7781	2	2	0	0
IS	7782	9	9	0	0
IS	7783	3	3	0	0
IS	7784	4	4	0	0
IS	7785	8	8	0	0
IS	7786	10	10	0	0
IS	7787	12	12	0	0
IS	7788	10	10	0	0
IS	7789	19	19	0	0
IS	7790	2	2	0	0
IS	7791	7	7	0	0
IS	7792	5	5	0	0
IS	7793	9	9	0	0
IS	7794	5	5	0	0
IS	7795	13	13	0	0
IS	7796	10	10	0	0
IS	7797	15	15	0	0
IS	7798	9	9	0	0
IS	7799	22	22	0	0
IS	7800	25	25	0	0
IS	7801	26	26	0	0
IS	7802	29	29	0	0
IS	7803	28	28	0	0
IS	7804	31	31	0	0
IS	7805	14	14	0	0
IS	7806	23	23	0	0
IS	7807	33	33	0	0
IS	7808	36	36	0	0
IS	7809	25	25	0	0
IS	7810	50	50	0	0
IS	7811	60	60	0	0
IS	7812	59	59	0	0
IS	7813	52	52	0	0
IS	7814	65	65	0	0
IS	7815	53	53	0	0
IS	7816	50	50	0	0
IS	7817	39	39	0	0
IS	7818	34	34	0	0
IS	7819	56	56	0	0
IS	7820	48	48	0	0
IS	7821	52	52	0	0
IS	7822	81	81	0	0
IS	7823	62	62	0	0
IS	7824	78	78	0	0
IS	7825	67	67	0	0
IS	7826	53	53	0	0
IS	7827	55	55	0	0
IS	7828	78	78	0	0
IS	7829	104	104	0	0
IS	7830	103	103	0	0
IS	7831	62	62	0	0
IS	7832	63	63	0	0
IS	7833	58	58	0	0
IS	7834	61	61	0	0
IS	7835	55	55	0	0
IS	7836	57	57	0	0
IS	7837	61	61	0	0
IS	7838	58	58	0	0
IS	7839	53	53	0	0
IS	7840	56	56	0	0
IS	7841	66	66	0	0
IS	7842	70	70	0	0
IS	7843	97	97	0	0
IS	7844	55	55	0	0
IS	7845	35	35	0	0
IS	7846	37	37	0	0
IS	7847	56	56	0	0
IS	7848	61	61	0	0
IS	7849	53	53	0	0
IS	7850	60	60	0	0
IS	7851	59	59	0	0
IS	7852	73	73	0	0
IS	7853	129	129	0	0
IS	7854	62	62	0	0
IS	7855	52	52	0	0
IS	7856	72	72	0	0
IS	7857	52	52	0	0
IS	7858	63	63	0	0
IS	7859	53	53	0	0
IS	7860	37	37	0	0
IS	7861	51	51	0	0
IS	7862	57	57	0	0
IS	7863	81	81	0	0
IS	7864	50	50	0	0
IS	7865	100	100	0	0
IS	7866	45	45	0	0
IS	7867	56	56	0	0
IS	7868	72	72	0	0
IS	7869	100	100	0	0
IS	7870	153	153	0	0
IS	7871	94	94	0	0
IS	7872	157	157	0	0
IS	7873	75	75	0	0
IS	7874	50	50	0	0
IS	7875	52	52	0	0
IS	7876	73	73	0	0
IS	7877	213	213	0	0
IS	7878	43	43	0	0
IS	7879	41	41	0	0
IS	7880	48	48	0	0
IS	7881	35	35	0	0
IS	7882	35	35	0	0
IS	7883	28	28	0	0
IS	7884	40	40	0	0
IS	7885	23	23	0	0
IS	7886	31	31	0	0
IS	7887	37	37	0	0
IS	7888	30	30	0	0
IS	7889	41	41	0	0
IS	7890	35	35	0	0
IS	7891	32	32	0	0
IS	7892	32	32	0	0
IS	7893	33	33	0	0
IS	7894	42	42	0	0
IS	7895	37	37	0	0
IS	7896	52	52	0	0
IS	7897	49	49	0	0
IS	7898	26	26	0	0
IS	7899	34	34	0	0
IS	7900	23	23	0	0
IS	7901	23	23	0	0
IS	7902	27	27	0	0
IS	7903	29	29	0	0
IS	7904	35	35	0	0
IS	7905	38	38	0	0
IS	7906	29	29	0	0
IS	7907	26	26	0	0
IS	7908	26	26	0	0
IS	7909	22	22	0	0
IS	7910	22	22	0	0
IS	7911	22	22	0	0
IS	7912	42	42	0	0
IS	7913	23	23	0	0
IS	7914	32	32	0	0
IS	7915	23	23	0	0
IS	7916	25	25	0	0
IS	7917	31	31	0	0
IS	7918	20	20	0	0
IS	7919	12	12	0	0
IS	7920	20	20	0	0
IS	7921	16	16	0	0
IS	7922	24	24	0	0
IS	7923	28	28	0	0
IS	7924	23	23	0	0
IS	7925	17	17	0	0
IS	7926	18	18	0	0
IS	7927	11	11	0	0
IS	7928	33	33	0	0
IS	7929	22	22	0	0
IS	7930	19	19	0	0
IS	7931	23	23	0	0
IS	7932	18	18	0	0
IS	7933	23	23	0	0
IS	7934	20	20	0	0
IS	7935	20	20	0	0
IS	7936	24	24	0	0
IS	7937	25	25	0	0
IS	7938	17	17	0	0
IS	7939	15	15	0	0
IS	7940	16	16	0	0
IS	7941	23	23	0	0
IS	7942	40	40	0	0
IS	7943	31	31	0	0
IS	7944	71	71	0	0
IS	7945	35	35	0	0
IS	7946	74	74	0	0
IS	7947	76	76	0	0
IS	7948	64	64	0	0
IS	7949	140	140	0	0
IS	7950	75	75	0	0
IS	7951	204	204	0	0
IS	7952	67	67	0	0
IS	7953	37	37	0	0
IS	7954	63	63	0	0
IS	7955	108	108	0	0
IS	7956	147	147	0	0
IS	7957	36	36	0	0
IS	7958	31	31	0	0
IS	7959	49	49	0	0
IS	7960	23	23	0	0
IS	7961	19	19	0	0
IS	7962	16	16	0	0
IS	7963	15	15	0	0
IS	7964	27	27	0	0
IS	7965	24	24	0	0
IS	7966	24	24	0	0
IS	7967	31	31	0	0
IS	7968	23	23	0	0
IS	7969	23	23	0	0
IS	7970	16	16	0	0
IS	7971	25	25	0	0
IS	7972	23	23	0	0
IS	7973	32	32	0	0
IS	7974	17	17	0	0
IS	7975	56	56	0	0
IS	7976	22	22	0	0
IS	7977	29	29	0	0
IS	7978	17	17	0	0
IS	7979	25	25	0	0
IS	7980	34	34	0	0
IS	7981	15	15	0	0
IS	7982	29	29	0	0
IS	7983	28	28	0	0
IS	7984	24	24	0	0
IS	7985	25	25	0	0
IS	7986	25	25	0	0
IS	7987	29	29	0	0
IS	7988	26	26	0	0
IS	7989	94	94	0	0
IS	7990	40	40	0	0
IS	7991	197	197	0	0
IS	7992	29	29	0	0
IS	7993	38	38	0	0
IS	7994	41	41	0	0
IS	7995	40	40	0	0
IS	7996	203	203	0	0
IS	7997	40	40	0	0
IS	7998	32	32	0	0
IS	7999	25	25	0	0
IS	8000	9948	9909	12	27
# Read lengths. Use `grep ^RL | cut -f 2-` to extract this part. The columns are: read length, count
RL	76	1656744
# Read lengths - first fragments. Use `grep ^FRL | cut -f 2-` to extract this part. The columns are: read length, count
FRL	76	828372
# Read lengths - last fragments. Use `grep ^LRL | cut -f 2-` to extract this part. The columns are: read length, count
LRL	76	828372
# Mapping qualities for reads !(UNMAP|SECOND|SUPPL|QCFAIL|DUP). Use `grep ^MAPQ | cut -f 2-` to extract this part. The columns are: mapq, count
MAPQ	0	31521
MAPQ	1	1235304
MAPQ	60	352158
# Indel distribution. Use `grep ^ID | cut -f 2-` to extract this part. The columns are: length, number of insertions, number of deletions
ID	1	1187	2654
ID	2	39	720
ID	3	1	18
# Indels per cycle. Use `grep ^IC | cut -f 2-` to extract this part. The columns are: cycle, number of insertions (fwd), .. (rev) , number of deletions (fwd), .. (rev)
IC	8	2	4	10	17
IC	9	7	8	7	18
IC	10	5	4	12	16
IC	11	2	5	9	22
IC	12	3	8	15	41
IC	13	9	4	21	13
IC	14	6	8	23	40
IC	15	7	18	24	31
IC	16	5	14	28	26
IC	17	1	10	20	28
IC	18	3	15	22	25
IC	19	9	13	24	32
IC	20	2	18	33	35
IC	21	5	15	29	22
IC	22	5	24	49	22
IC	23	12	12	39	19
IC	24	11	10	33	28
IC	25	2	10	44	29
IC	26	6	8	45	23
IC	27	3	8	39	35
IC	28	8	13	39	44
IC	29	8	24	39	25
IC	30	26	29	34	34
IC	31	11	12	31	25
IC	32	5	15	24	24
IC	33	8	26	23	34
IC	34	5	10	28	33
IC	35	5	7	23	25
IC	36	6	39	30	32
IC	37	9	16	25	24
IC	38	6	24	15	24
IC	39	4	6	26	24
IC	40	2	22	30	26
IC	41	2	11	25	29
IC	42	7	14	38	27
IC	43	9	5	18	37
IC	44	11	11	31	33
IC	45	11	11	30	24
IC	46	4	11	24	21
IC	47	5	14	16	29
IC	48	9	6	34	29
IC	49	16	9	29	32
IC	50	5	4	38	33
IC	51	9	17	23	21
IC	52	5	26	25	19
IC	53	7	7	30	32
IC	54	8	37	27	32
IC	55	5	20	26	24
IC	56	5	23	29	32
IC	57	12	6	36	52
IC	58	4	18	44	34
IC	59	7	23	32	37
IC	60	8	6	30	28
IC	61	2	25	28	29
IC	62	6	25	30	33
IC	63	0	28	23	38
IC	64	6	5	50	39
IC	65	3	3	15	29
IC	66	4	5	21	28
IC	67	1	4	14	11
IC	68	3	4	12	13
IC	69	3	5	0	0
# Coverage distribution. Use `grep ^COV | cut -f 2-` to extract this part.
COV	[1-1]	1	2311863
COV	[2-2]	2	1332529
COV	[3-3]	3	759332
COV	[4-4]	4	459253
COV	[5-5]	5	281928
COV	[6-6]	6	182244
COV	[7-7]	7	121466
COV	[8-8]	8	84528
COV	[9-9]	9	61701
COV	[10-10]	10	46039
COV	[11-11]	11	37233
COV	[12-12]	12	29631
COV	[13-13]	13	23988
COV	[14-14]	14	19873
COV	[15-15]	15	15666
COV	[16-16]	16	13496
COV	[17-17]	17	10803
COV	[18-18]	18	9565
COV	[19-19]	19	8146
COV	[20-20]	20	7073
COV	[21-21]	21	6210
COV	[22-22]	22	5562
COV	[23-23]	23	5095
COV	[24-24]	24	4615
COV	[25-25]	25	4305
COV	[26-26]	26	4092
COV	[27-27]	27	3749
COV	[28-28]	28	3479
COV	[29-29]	29	3270
COV	[30-30]	30	2887
COV	[31-31]	31	2692
COV	[32-32]	32	2336
COV	[33-33]	33	2087
COV	[34-34]	34	1943
COV	[35-35]	35	1731
COV	[36-36]	36	1715
COV	[37-37]	37	1583
COV	[38-38]	38	1613
COV	[39-39]	39	1306
COV	[40-40]	40	1253
COV	[41-41]	41	1199
COV	[42-42]	42	1059
COV	[43-43]	43	1182
COV	[44-44]	44	1164
COV	[45-45]	45	1068
COV	[46-46]	46	1089
COV	[47-47]	47	1001
COV	[48-48]	48	852
COV	[49-49]	49	855
COV	[50-50]	50	729
COV	[51-51]	51	709
COV	[52-52]	52	762
COV	[53-53]	53	673
COV	[54-54]	54	593
COV	[55-55]	55	511
COV	[56-56]	56	452
COV	[57-57]	57	505
COV	[58-58]	58	538
COV	[59-59]	59	481
COV	[60-60]	60	517
COV	[61-61]	61	543
COV	[62-62]	62	528
COV	[63-63]	63	458
COV	[64-64]	64	412
COV	[65-65]	65	384
COV	[66-66]	66	371
COV	[67-67]	67	346
COV	[68-68]	68	363
COV	[69-69]	69	402
COV	[70-70]	70	345
COV	[71-71]	71	279
COV	[72-72]	72	247
COV	[73-73]	73	265
COV	[74-74]	74	267
COV	[75-75]	75	282
COV	[76-76]	76	232
COV	[77-77]	77	228
COV	[78-78]	78	170
COV	[79-79]	79	229
COV	[80-80]	80	224
COV	[81-81]	81	225
COV	[82-82]	82	180
COV	[83-83]	83	185
COV	[84-84]	84	189
COV	[85-85]	85	192
COV	[86-86]	86	188
COV	[87-87]	87	174
COV	[88-88]	88	152
COV	[89-89]	89	202
COV	[90-90]	90	179
COV	[91-91]	91	129
COV	[92-92]	92	120
COV	[93-93]	93	164
COV	[94-94]	94	154
COV	[95-95]	95	136
COV	[96-96]	96	131
COV	[97-97]	97	130
COV	[98-98]	98	127
COV	[99-99]	99	83
COV	[100-100]	100	102
COV	[101-101]	101	100
COV	[102-102]	102	85
COV	[103-103]	103	107
COV	[104-104]	104	85
COV	[105-105]	105	84
COV	[106-106]	106	86
COV	[107-107]	107	92
COV	[108-108]	108	106
COV	[109-109]	109	73
COV	[110-110]	110	81
COV	[111-111]	111	65
COV	[112-112]	112	69
COV	[113-113]	113	83
COV	[114-114]	114	115
COV	[115-115]	115	103
COV	[116-116]	116	81
COV	[117-117]	117	94
COV	[118-118]	118	80
COV	[119-119]	119	86
COV	[120-120]	120	71
COV	[121-121]	121	74
COV	[122-122]	122	83
COV	[123-123]	123	81
COV	[124-124]	124	80
COV	[125-125]	125	114
COV	[126-126]	126	88
COV	[127-127]	127	82
COV	[128-128]	128	58
COV	[129-129]	129	71
COV	[130-130]	130	51
COV	[131-131]	131	35
COV	[132-132]	132	79
COV	[133-133]	133	54
COV	[134-134]	134	41
COV	[135-135]	135	62
COV	[136-136]	136	60
COV	[137-137]	137	69
COV	[138-138]	138	44
COV	[139-139]	139	54
COV	[140-140]	140	48
COV	[141-141]	141	71
COV	[142-142]	142	66
COV	[143-143]	143	71
COV	[144-144]	144	80
COV	[145-145]	145	52
COV	[146-146]	146	44
COV	[147-147]	147	56
COV	[148-148]	148	51
COV	[149-149]	149	42
COV	[150-150]	150	40
COV	[151-151]	151	39
COV	[152-152]	152	48
COV	[153-153]	153	80
COV	[154-154]	154	43
COV	[155-155]	155	27
COV	[156-156]	156	36
COV	[157-157]	157	40
COV	[158-158]	158	73
COV	[159-159]	159	50
COV	[160-160]	160	60
COV	[161-161]	161	44
COV	[162-162]	162	82
COV	[163-163]	163	50
COV	[164-164]	164	36
COV	[165-165]	165	38
COV	[166-166]	166	38
COV	[167-167]	167	51
COV	[168-168]	168	56
COV	[169-169]	169	42
COV	[170-170]	170	24
COV	[171-171]	171	45
COV	[172-172]	172	38
COV	[173-173]	173	45
COV	[174-174]	174	37
COV	[175-175]	175	40
COV	[176-176]	176	36
COV	[177-177]	177	35
COV	[178-178]	178	36
COV	[179-179]	179	39
COV	[180-180]	180	38
COV	[181-181]	181	50
COV	[182-182]	182	35
COV	[183-183]	183	38
COV	[184-184]	184	43
COV	[185-185]	185	38
COV	[186-186]	186	44
COV	[187-187]	187	50
COV	[188-188]	188	41
COV	[189-189]	189	55
COV	[190-190]	190	38
COV	[191-191]	191	30
COV	[192-192]	192	43
COV	[193-193]	193	34
COV	[194-194]	194	34
COV	[195-195]	195	35
COV	[196-196]	196	45
COV	[197-197]	197	61
COV	[198-198]	198	48
COV	[199-199]	199	24
COV	[200-200]	200	40
COV	[201-201]	201	30
COV	[202-202]	202	41
COV	[203-203]	203	38
COV	[204-204]	204	33
COV	[205-205]	205	35
COV	[206-206]	206	35
COV	[207-207]	207	32
COV	[208-208]	208	49
COV	[209-209]	209	47
COV	[210-210]	210	35
COV	[211-211]	211	32
COV	[212-212]	212	42
COV	[213-213]	213	39
COV	[214-214]	214	42
COV	[215-215]	215	36
COV	[216-216]	216	48
COV	[217-217]	217	33
COV	[218-218]	218	41
COV	[219-219]	219	38
COV	[220-220]	220	33
COV	[221-221]	221	31
COV	[222-222]	222	39
COV	[223-223]	223	21
COV	[224-224]	224	24
COV	[225-225]	225	41
COV	[226-226]	226	33
COV	[227-227]	227	38
COV	[228-228]	228	30
COV	[229-229]	229	46
COV	[230-230]	230	37
COV	[231-231]	231	40
COV	[232-232]	232	37
COV	[233-233]	233	31
COV	[234-234]	234	48
COV	[235-235]	235	35
COV	[236-236]	236	23
COV	[237-237]	237	33
COV	[238-238]	238	21
COV	[239-239]	239	45
COV	[240-240]	240	27
COV	[241-241]	241	17
COV	[242-242]	242	31
COV	[243-243]	243	28
COV	[244-244]	244	32
COV	[245-245]	245	28
COV	[246-246]	246	45
COV	[247-247]	247	27
COV	[248-248]	248	40
COV	[249-249]	249	21
COV	[250-250]	250	28
COV	[251-251]	251	39
COV	[252-252]	252	32
COV	[253-253]	253	39
COV	[254-254]	254	25
COV	[255-255]	255	31
COV	[256-256]	256	29
COV	[257-257]	257	30
COV	[258-258]	258	40
COV	[259-259]	259	39
COV	[260-260]	260	37
COV	[261-261]	261	38
COV	[262-262]	262	34
COV	[263-263]	263	36
COV	[264-264]	264	29
COV	[265-265]	265	31
COV	[266-266]	266	24
COV	[267-267]	267	34
COV	[268-268]	268	26
COV	[269-269]	269	34
COV	[270-270]	270	29
COV	[271-271]	271	38
COV	[272-272]	272	30
COV	[273-273]	273	44
COV	[274-274]	274	20
COV	[275-275]	275	26
COV	[276-276]	276	30
COV	[277-277]	277	21
COV	[278-278]	278	26
COV	[279-279]	279	28
COV	[280-280]	280	23
COV	[281-281]	281	25
COV	[282-282]	282	22
COV	[283-283]	283	30
COV	[284-284]	284	23
COV	[285-285]	285	24
COV	[286-286]	286	21
COV	[287-287]	287	20
COV	[288-288]	288	21
COV	[289-289]	289	17
COV	[290-290]	290	22
COV	[291-291]	291	21
COV	[292-292]	292	34
COV	[293-293]	293	33
COV	[294-294]	294	20
COV	[295-295]	295	22
COV	[296-296]	296	22
COV	[297-297]	297	17
COV	[298-298]	298	29
COV	[299-299]	299	14
COV	[300-300]	300	12
COV	[301-301]	301	31
COV	[302-302]	302	14
COV	[303-303]	303	17
COV	[304-304]	304	27
COV	[305-305]	305	22
COV	[306-306]	306	12
COV	[307-307]	307	31
COV	[308-308]	308	21
COV	[309-309]	309	39
COV	[310-310]	310	20
COV	[311-311]	311	21
COV	[312-312]	312	32
COV	[313-313]	313	18
COV	[314-314]	314	25
COV	[315-315]	315	11
COV	[316-316]	316	15
COV	[317-317]	317	11
COV	[318-318]	318	13
COV	[319-319]	319	23
COV	[320-320]	320	22
COV	[321-321]	321	23
COV	[322-322]	322	20
COV	[323-323]	323	21
COV	[324-324]	324	17
COV	[325-325]	325	21
COV	[326-326]	326	15
COV	[327-327]	327	17
COV	[328-328]	328	11
COV	[329-329]	329	20
COV	[330-330]	330	19
COV	[331-331]	331	14
COV	[332-332]	332	13
COV	[333-333]	333	9
COV	[334-334]	334	18
COV	[335-335]	335	20
COV	[336-336]	336	20
COV	[337-337]	337	18
COV	[338-338]	338	21
COV	[339-339]	339	20
COV	[340-340]	340	29
COV	[341-341]	341	27
COV	[342-342]	342	14
COV	[343-343]	343	14
COV	[344-344]	344	29
COV	[345-345]	345	26
COV	[346-346]	346	26
COV	[347-347]	347	15
COV	[348-348]	348	22
COV	[349-349]	349	19
COV	[350-350]	350	20
COV	[351-351]	351	16
COV	[352-352]	352	16
COV	[353-353]	353	18
COV	[354-354]	354	18
COV	[355-355]	355	20
COV	[356-356]	356	16
COV	[357-357]	357	24
COV	[358-358]	358	18
COV	[359-359]	359	12
COV	[360-360]	360	27
COV	[361-361]	361	21
COV	[362-362]	362	18
COV	[363-363]	363	12
COV	[364-364]	364	20
COV	[365-365]	365	17
COV	[366-366]	366	18
COV	[367-367]	367	19
COV	[368-368]	368	15
COV	[369-369]	369	23
COV	[370-370]	370	24
COV	[371-371]	371	18
COV	[372-372]	372	18
COV	[373-373]	373	12
COV	[374-374]	374	10
COV	[375-375]	375	20
COV	[376-376]	376	18
COV	[377-377]	377	20
COV	[378-378]	378	16
COV	[379-379]	379	21
COV	[380-380]	380	18
COV	[381-381]	381	14
COV	[382-382]	382	11
COV	[383-383]	383	12
COV	[384-384]	384	22
COV	[385-385]	385	32
COV	[386-386]	386	17
COV	[387-387]	387	12
COV	[388-388]	388	26
COV	[389-389]	389	22
COV	[390-390]	390	19
COV	[391-391]	391	14
COV	[392-392]	392	22
COV	[393-393]	393	19
COV	[394-394]	394	13
COV	[395-395]	395	20
COV	[396-396]	396	22
COV	[397-397]	397	23
COV	[398-398]	398	14
COV	[399-399]	399	21
COV	[400-400]	400	23
COV	[401-401]	401	15
COV	[402-402]	402	15
COV	[403-403]	403	23
COV	[404-404]	404	19
COV	[405-405]	405	22
COV	[406-406]	406	29
COV	[407-407]	407	17
COV	[408-408]	408	23
COV	[409-409]	409	16
COV	[410-410]	410	17
COV	[411-411]	411	13
COV	[412-412]	412	16
COV	[413-413]	413	26
COV	[414-414]	414	20
COV	[415-415]	415	20
COV	[416-416]	416	20
COV	[417-417]	417	17
COV	[418-418]	418	17
COV	[419-419]	419	20
COV	[420-420]	420	17
COV	[421-421]	421	17
COV	[422-422]	422	23
COV	[423-423]	423	10
COV	[424-424]	424	15
COV	[425-425]	425	16
COV	[426-426]	426	13
COV	[427-427]	427	14
COV	[428-428]	428	22
COV	[429-429]	429	25
COV	[430-430]	430	22
COV	[431-431]	431	15
COV	[432-432]	432	23
COV	[433-433]	433	11
COV	[434-434]	434	9
COV	[435-435]	435	11
COV	[436-436]	436	9
COV	[437-437]	437	12
COV	[438-438]	438	14
COV	[439-439]	439	10
COV	[440-440]	440	5
COV	[441-441]	441	13
COV	[442-442]	442	7
COV	[443-443]	443	14
COV	[444-444]	444	10
COV	[445-445]	445	11
COV	[446-446]	446	22
COV	[447-447]	447	16
COV	[448-448]	448	13
COV	[449-449]	449	9
COV	[450-450]	450	13
COV	[451-451]	451	22
COV	[452-452]	452	11
COV	[453-453]	453	18
COV	[454-454]	454	14
COV	[455-455]	455	8
COV	[456-456]	456	10
COV	[457-457]	457	12
COV	[458-458]	458	21
COV	[459-459]	459	12
COV	[460-460]	460	9
COV	[461-461]	461	20
COV	[462-462]	462	15
COV	[463-463]	463	18
COV	[464-464]	464	14
COV	[465-465]	465	9
COV	[466-466]	466	13
COV	[467-467]	467	13
COV	[468-468]	468	10
COV	[469-469]	469	7
COV	[470-470]	470	11
COV	[471-471]	471	10
COV	[472-472]	472	13
COV	[473-473]	473	10
COV	[474-474]	474	10
COV	[475-475]	475	6
COV	[476-476]	476	18
COV	[477-477]	477	16
COV	[478-478]	478	8
COV	[479-479]	479	13
COV	[480-480]	480	15
COV	[481-481]	481	9
COV	[482-482]	482	9
COV	[483-483]	483	6
COV	[484-484]	484	11
COV	[485-485]	485	7
COV	[486-486]	486	17
COV	[487-487]	487	9
COV	[488-488]	488	7
COV	[489-489]	489	16
COV	[490-490]	490	12
COV	[491-491]	491	7
COV	[492-492]	492	11
COV	[493-493]	493	16
COV	[494-494]	494	13
COV	[495-495]	495	9
COV	[496-496]	496	4
COV	[497-497]	497	7
COV	[498-498]	498	13
COV	[499-499]	499	15
COV	[500-500]	500	15
COV	[501-501]	501	7
COV	[502-502]	502	17
COV	[503-503]	503	21
COV	[504-504]	504	26
COV	[505-505]	505	8
COV	[506-506]	506	17
COV	[507-507]	507	14
COV	[508-508]	508	15
COV	[509-509]	509	10
COV	[510-510]	510	9
COV	[511-511]	511	16
COV	[512-512]	512	9
COV	[513-513]	513	12
COV	[514-514]	514	9
COV	[515-515]	515	12
COV	[516-516]	516	10
COV	[517-517]	517	7
COV	[518-518]	518	12
COV	[519-519]	519	12
COV	[520-520]	520	9
COV	[521-521]	521	3
COV	[522-522]	522	3
COV	[523-523]	523	7
COV	[524-524]	524	14
COV	[525-525]	525	5
COV	[526-526]	526	8
COV	[527-527]	527	10
COV	[528-528]	528	15
COV	[529-529]	529	15
COV	[530-530]	530	9
COV	[531-531]	531	8
COV	[532-532]	532	12
COV	[533-533]	533	9
COV	[534-534]	534	16
COV	[535-535]	535	9
COV	[536-536]	536	15
COV	[537-537]	537	12
COV	[538-538]	538	13
COV	[539-539]	539	11
COV	[540-540]	540	16
COV	[541-541]	541	11
COV	[542-542]	542	14
COV	[543-543]	543	18
COV	[544-544]	544	15
COV	[545-545]	545	17
COV	[546-546]	546	12
COV	[547-547]	547	18
COV	[548-548]	548	14
COV	[549-549]	549	16
COV	[550-550]	550	6
COV	[551-551]	551	18
COV	[552-552]	552	10
COV	[553-553]	553	8
COV	[554-554]	554	9
COV	[555-555]	555	16
COV	[556-556]	556	15
COV	[557-557]	557	12
COV	[558-558]	558	14
COV	[559-559]	559	17
COV	[560-560]	560	17
COV	[561-561]	561	11
COV	[562-562]	562	12
COV	[563-563]	563	21
COV	[564-564]	564	11
COV	[565-565]	565	14
COV	[566-566]	566	10
COV	[567-567]	567	15
COV	[568-568]	568	14
COV	[569-569]	569	9
COV	[570-570]	570	8
COV	[571-571]	571	15
COV	[572-572]	572	13
COV	[573-573]	573	16
COV	[574-574]	574	11
COV	[575-575]	575	14
COV	[576-576]	576	13
COV	[577-577]	577	14
COV	[578-578]	578	20
COV	[579-579]	579	8
COV	[580-580]	580	11
COV	[581-581]	581	15
COV	[582-582]	582	10
COV	[583-583]	583	13
COV	[584-584]	584	14
COV	[585-585]	585	6
COV	[586-586]	586	7
COV	[587-587]	587	13
COV	[588-588]	588	12
COV	[589-589]	589	19
COV	[590-590]	590	11
COV	[591-591]	591	10
COV	[592-592]	592	17
COV	[593-593]	593	13
COV	[594-594]	594	14
COV	[595-595]	595	15
COV	[596-596]	596	13
COV	[597-597]	597	12
COV	[598-598]	598	7
COV	[599-599]	599	15
COV	[600-600]	600	9
COV	[601-601]	601	11
COV	[602-602]	602	8
COV	[603-603]	603	11
COV	[604-604]	604	6
COV	[605-605]	605	10
COV	[606-606]	606	10
COV	[607-607]	607	13
COV	[608-608]	608	7
COV	[609-609]	609	12
COV	[610-610]	610	13
COV	[611-611]	611	11
COV	[612-612]	612	9
COV	[613-613]	613	10
COV	[614-614]	614	14
COV	[615-615]	615	7
COV	[616-616]	616	16
COV	[617-617]	617	11
COV	[618-618]	618	11
COV	[619-619]	619	15
COV	[620-620]	620	9
COV	[621-621]	621	16
COV	[622-622]	622	10
COV	[623-623]	623	11
COV	[624-624]	624	8
COV	[625-625]	625	11
COV	[626-626]	626	12
COV	[627-627]	627	15
COV	[628-628]	628	18
COV	[629-629]	629	13
COV	[630-630]	630	11
COV	[631-631]	631	13
COV	[632-632]	632	9
COV	[633-633]	633	9
COV	[634-634]	634	12
COV	[635-635]	635	14
COV	[636-636]	636	12
COV	[637-637]	637	12
COV	[638-638]	638	10
COV	[639-639]	639	8
COV	[640-640]	640	11
COV	[641-641]	641	13
COV	[642-642]	642	13
COV	[643-643]	643	13
COV	[644-644]	644	10
COV	[645-645]	645	15
COV	[646-646]	646	8
COV	[647-647]	647	10
COV	[648-648]	648	5
COV	[649-649]	649	13
COV	[650-650]	650	16
COV	[651-651]	651	15
COV	[652-652]	652	14
COV	[653-653]	653	25
COV	[654-654]	654	19
COV	[655-655]	655	14
COV	[656-656]	656	8
COV	[657-657]	657	9
COV	[658-658]	658	18
COV	[659-659]	659	11
COV	[660-660]	660	19
COV	[661-661]	661	17
COV	[662-662]	662	15
COV	[663-663]	663	12
COV	[664-664]	664	8
COV	[665-665]	665	11
COV	[666-666]	666	20
COV	[667-667]	667	13
COV	[668-668]	668	6
COV	[669-669]	669	19
COV	[670-670]	670	17
COV	[671-671]	671	17
COV	[672-672]	672	12
COV	[673-673]	673	16
COV	[674-674]	674	11
COV	[675-675]	675	13
COV	[676-676]	676	17
COV	[677-677]	677	13
COV	[678-678]	678	11
COV	[679-679]	679	11
COV	[680-680]	680	12
COV	[681-681]	681	10
COV	[682-682]	682	10
COV	[683-683]	683	9
COV	[684-684]	684	15
COV	[685-685]	685	11
COV	[686-686]	686	4
COV	[687-687]	687	16
COV	[688-688]	688	11
COV	[689-689]	689	13
COV	[690-690]	690	13
COV	[691-691]	691	7
COV	[692-692]	692	7
COV	[693-693]	693	8
COV	[694-694]	694	18
COV	[695-695]	695	11
COV	[696-696]	696	13
COV	[697-697]	697	15
COV	[698-698]	698	6
COV	[699-699]	699	6
COV	[700-700]	700	6
COV	[701-701]	701	13
COV	[702-702]	702	13
COV	[703-703]	703	16
COV	[704-704]	704	9
COV	[705-705]	705	7
COV	[706-706]	706	18
COV	[707-707]	707	10
COV	[708-708]	708	13
COV	[709-709]	709	11
COV	[710-710]	710	19
COV	[711-711]	711	12
COV	[712-712]	712	11
COV	[713-713]	713	4
COV	[714-714]	714	8
COV	[715-715]	715	9
COV	[716-716]	716	8
COV	[717-717]	717	17
COV	[718-718]	718	10
COV	[719-719]	719	12
COV	[720-720]	720	10
COV	[721-721]	721	13
COV	[722-722]	722	10
COV	[723-723]	723	10
COV	[724-724]	724	9
COV	[725-725]	725	8
COV	[726-726]	726	16
COV	[727-727]	727	10
COV	[728-728]	728	9
COV	[729-729]	729	13
COV	[730-730]	730	10
COV	[731-731]	731	15
COV	[732-732]	732	13
COV	[733-733]	733	14
COV	[734-734]	734	14
COV	[735-735]	735	9
COV	[736-736]	736	11
COV	[737-737]	737	17
COV	[738-738]	738	10
COV	[739-739]	739	12
COV	[740-740]	740	7
COV	[741-741]	741	13
COV	[742-742]	742	13
COV	[743-743]	743	11
COV	[744-744]	744	12
COV	[745-745]	745	9
COV	[746-746]	746	15
COV	[747-747]	747	5
COV	[748-748]	748	10
COV	[749-749]	749	15
COV	[750-750]	750	16
COV	[751-751]	751	12
COV	[752-752]	752	13
COV	[753-753]	753	7
COV	[754-754]	754	15
COV	[755-755]	755	14
COV	[756-756]	756	13
COV	[757-757]	757	17
COV	[758-758]	758	10
COV	[759-759]	759	13
COV	[760-760]	760	6
COV	[761-761]	761	9
COV	[762-762]	762	13
COV	[763-763]	763	18
COV	[764-764]	764	12
COV	[765-765]	765	7
COV	[766-766]	766	10
COV	[767-767]	767	12
COV	[768-768]	768	14
COV	[769-769]	769	11
COV	[770-770]	770	18
COV	[771-771]	771	15
COV	[772-772]	772	14
COV	[773-773]	773	21
COV	[774-774]	774	6
COV	[775-775]	775	12
COV	[776-776]	776	12
COV	[777-777]	777	7
COV	[778-778]	778	6
COV	[779-779]	779	16
COV	[780-780]	780	13
COV	[781-781]	781	14
COV	[782-782]	782	11
COV	[783-783]	783	10
COV	[784-784]	784	7
COV	[785-785]	785	4
COV	[786-786]	786	8
COV	[787-787]	787	7
COV	[788-788]	788	11
COV	[789-789]	789	9
COV	[790-790]	790	12
COV	[791-791]	791	3
COV	[792-792]	792	12
COV	[793-793]	793	6
COV	[794-794]	794	10
COV	[795-795]	795	6
COV	[796-796]	796	7
COV	[797-797]	797	12
COV	[798-798]	798	13
COV	[799-799]	799	7
COV	[800-800]	800	14
COV	[801-801]	801	14
COV	[802-802]	802	16
COV	[803-803]	803	13
COV	[804-804]	804	10
COV	[805-805]	805	10
COV	[806-806]	806	10
COV	[807-807]	807	9
COV	[808-808]	808	12
COV	[809-809]	809	6
COV	[810-810]	810	8
COV	[811-811]	811	7
COV	[812-812]	812	8
COV	[813-813]	813	5
COV	[814-814]	814	3
COV	[815-815]	815	3
COV	[816-816]	816	1
COV	[817-817]	817	4
COV	[818-818]	818	10
COV	[819-819]	819	11
COV	[820-820]	820	6
COV	[821-821]	821	3
COV	[822-822]	822	4
COV	[823-823]	823	3
COV	[824-824]	824	7
COV	[825-825]	825	6
COV	[826-826]	826	8
COV	[827-827]	827	9
COV	[828-828]	828	6
COV	[829-829]	829	5
COV	[830-830]	830	10
COV	[831-831]	831	6
COV	[832-832]	832	4
COV	[833-833]	833	6
COV	[834-834]	834	5
COV	[835-835]	835	5
COV	[836-836]	836	7
COV	[837-837]	837	6
COV	[838-838]	838	10
COV	[839-839]	839	7
COV	[840-840]	840	6
COV	[841-841]	841	12
COV	[842-842]	842	5
COV	[843-843]	843	5
COV	[844-844]	844	4
COV	[845-845]	845	5
COV	[846-846]	846	4
COV	[847-847]	847	7
COV	[848-848]	848	8
COV	[849-849]	849	9
COV	[850-850]	850	3
COV	[851-851]	851	5
COV	[852-852]	852	3
COV	[853-853]	853	6
COV	[854-854]	854	3
COV	[855-855]	855	6
COV	[856-856]	856	7
COV	[857-857]	857	5
COV	[858-858]	858	5
COV	[859-859]	859	13
COV	[860-860]	860	3
COV	[861-861]	861	4
COV	[862-862]	862	9
COV	[863-863]	863	8
COV	[864-864]	864	12
COV	[865-865]	865	7
COV	[866-866]	866	11
COV	[867-867]	867	7
COV	[868-868]	868	8
COV	[869-869]	869	6
COV	[870-870]	870	6
COV	[871-871]	871	9
COV	[872-872]	872	5
COV	[873-873]	873	8
COV	[874-874]	874	4
COV	[875-875]	875	9
COV	[876-876]	876	9
COV	[877-877]	877	10
COV	[878-878]	878	10
COV	[879-879]	879	7
COV	[880-880]	880	3
COV	[881-881]	881	9
COV	[882-882]	882	9
COV	[883-883]	883	8
COV	[884-884]	884	7
COV	[885-885]	885	5
COV	[886-886]	886	7
COV	[887-887]	887	4
COV	[888-888]	888	11
COV	[889-889]	889	7
COV	[890-890]	890	10
COV	[891-891]	891	10
COV	[892-892]	892	9
COV	[893-893]	893	8
COV	[894-894]	894	6
COV	[895-895]	895	6
COV	[896-896]	896	12
COV	[897-897]	897	8
COV	[898-898]	898	11
COV	[899-899]	899	8
COV	[900-900]	900	10
COV	[901-901]	901	7
COV	[902-902]	902	10
COV	[903-903]	903	13
COV	[904-904]	904	11
COV	[905-905]	905	11
COV	[906-906]	906	4
COV	[907-907]	907	11
COV	[908-908]	908	10
COV	[909-909]	909	10
COV	[910-910]	910	5
COV	[911-911]	911	12
COV	[912-912]	912	9
COV	[913-913]	913	11
COV	[914-914]	914	6
COV	[915-915]	915	6
COV	[916-916]	916	9
COV	[917-917]	917	7
COV	[918-918]	918	9
COV	[919-919]	919	9
COV	[920-920]	920	5
COV	[921-921]	921	4
COV	[922-922]	922	10
COV	[923-923]	923	7
COV	[924-924]	924	14
COV	[925-925]	925	11
COV	[926-926]	926	8
COV	[927-927]	927	11
COV	[928-928]	928	7
COV	[929-929]	929	6
COV	[930-930]	930	3
COV	[931-931]	931	11
COV	[932-932]	932	11
COV	[933-933]	933	4
COV	[934-934]	934	11
COV	[935-935]	935	1
COV	[936-936]	936	13
COV	[937-937]	937	7
COV	[938-938]	938	9
COV	[939-939]	939	8
COV	[940-940]	940	8
COV	[941-941]	941	8
COV	[942-942]	942	8
COV	[943-943]	943	8
COV	[944-944]	944	13
COV	[945-945]	945	8
COV	[946-946]	946	8
COV	[947-947]	947	3
COV	[948-948]	948	9
COV	[949-949]	949	8
COV	[950-950]	950	9
COV	[951-951]	951	10
COV	[952-952]	952	11
COV	[953-953]	953	6
COV	[954-954]	954	5
COV	[955-955]	955	5
COV	[956-956]	956	6
COV	[957-957]	957	5
COV	[958-958]	958	8
COV	[959-959]	959	4
COV	[960-960]	960	7
COV	[961-961]	961	5
COV	[962-962]	962	9
COV	[963-963]	963	4
COV	[964-964]	964	6
COV	[965-965]	965	8
COV	[966-966]	966	5
COV	[967-967]	967	3
COV	[968-968]	968	4
COV	[969-969]	969	7
COV	[970-970]	970	7
COV	[971-971]	971	4
COV	[972-972]	972	3
COV	[973-973]	973	4
COV	[974-974]	974	7
COV	[975-975]	975	9
COV	[976-976]	976	6
COV	[977-977]	977	4
COV	[978-978]	978	9
COV	[979-979]	979	9
COV	[980-980]	980	10
COV	[981-981]	981	2
COV	[982-982]	982	4
COV	[983-983]	983	8
COV	[984-984]	984	9
COV	[985-985]	985	6
COV	[986-986]	986	9
COV	[987-987]	987	4
COV	[988-988]	988	8
COV	[989-989]	989	7
COV	[990-990]	990	12
COV	[991-991]	991	8
COV	[992-992]	992	4
COV	[993-993]	993	10
COV	[994-994]	994	11
COV	[995-995]	995	13
COV	[996-996]	996	7
COV	[997-997]	997	12
COV	[998-998]	998	8
COV	[999-999]	999	8
COV	[1000-1000]	1000	10
COV	[1000<]	1000	14667
# GC-depth. Use `grep ^GCD | cut -f 2-` to extract this part. The columns are: GC%, unique sequence percentiles, 10th, 25th, 50th, 75th and 90th depth percentile
GCD	0.0	0.324	0.000	0.000	0.000	0.000	0.000
GCD	35.0	0.648	0.559	0.559	0.564	0.570	0.570
GCD	36.0	1.297	0.661	0.676	0.722	1.802	2.162
GCD	37.0	6.159	0.598	0.941	1.146	1.369	1.493
GCD	38.0	24.473	0.742	0.935	1.224	1.510	1.997
GCD	39.0	47.326	0.746	1.060	1.239	1.626	2.213
GCD	40.0	67.261	0.891	1.121	1.341	1.915	2.288
GCD	41.0	82.496	0.944	1.127	1.600	2.214	2.810
GCD	42.0	90.600	1.161	1.570	1.967	2.822	4.050
GCD	43.0	94.489	1.305	1.523	2.111	3.557	6.082
GCD	44.0	96.110	0.700	1.773	2.193	2.660	3.300
GCD	45.0	97.569	0.004	1.501	1.805	2.709	615.418
GCD	46.0	99.352	0.217	1.288	3.040	5.898	2635.360
GCD	47.0	99.514	2.793	2.793	2.793	2.793	2.793
GCD	48.0	99.676	4.910	4.910	4.910	4.910	4.910
GCD	49.0	99.838	3.458	3.458	3.458	3.458	3.458
GCD	51.0	100.000	14.535	14.535	14.535	14.535	14.535
